reform_id,country_code,country_name,survey_year,implementation_year,announcement_year,announcement_year_source,announcement_year_confidence,legislation_year,legislation_year_source,legislation_year_confidence,implementation_year_end,implementation_year_source,implementation_year_confidence,theme,sub_theme,secondary_type,alternative_theme,rd_actor,rd_stage,growth_orientation,growth_orientation_rationale,growth_orientation_confidence,package_name,component_name,is_component,status,status_evidence,status_confidence,is_major_reform,importance_bucket,importance_rationale,importance_confidence,description,source_quote,source_page_start,source_page_end
DNK_1997_001,DNK,Denmark,1997,1997.0,,,,,,,,explicit,high,innovation,startup_ecosystem,,,public_private,commercialization,growth_supporting,"Facilitating access to funding for innovative startups is expected to enhance entrepreneurship and innovation, contributing positively to economic growth.",high,Entrepreneurial Support and Risk Capital,,False,implemented,Both initiatives have been successfully established and are operational.,high,False,2,The establishment of a risk capital market and a permanent support scheme represents significant but not structural changes to the entrepreneurial ecosystem.,medium,"The Danish government established a risk capital market for entrepreneurs and made an entrepreneurial support scheme permanent, aimed at enhancing the entrepreneurial climate and addressing market failures in the supply of risk capital to SMEs, facilitating access to funding for innovative startups.","An entrepreneurial support scheme has been made permanent, and has been followed by government intervention to establish a market for subordinate loan capital to enterprises.",81.0,81.0
DNK_1997_002,DNK,Denmark,1997,1997.0,,,,1997.0,explicit,high,,explicit,high,innovation,innovation_instruments,,,public_private,adoption,growth_supporting,"Enhancing competition and innovation in the rail transport sector is expected to improve efficiency and service quality, contributing to economic growth.",high,Rail Transport Innovation Framework,Competition Framework,False,implemented,The framework has been established and is currently in effect.,high,False,2,The establishment of a framework for competition and innovation represents a significant change in the governance of the rail transport sector.,medium,"The Danish government established a framework for improving competition in the rail transport sector, which includes measures to enhance innovation in the sector.",Parliament adopts a framework for improving competition in the rail transport sector.,147.0,147.0
DNK_2003_001,DNK,Denmark,2003,2002.0,,,,,,,,explicit,high,innovation,innovation_instruments,,,private,applied,growth_supporting,"The tax credits incentivize private sector investment in R&D, potentially leading to increased innovation and productivity.",high,2002 Competition Package,Tax Credits for R&D,True,implemented,The competition package was introduced in January 2002.,high,False,2,"The introduction of tax credits for R&D represents a significant policy change aimed at enhancing private sector innovation, although it is part of a broader regulatory simplification effort.",medium,"A competition package was introduced to simplify regulation and ease firms’ administrative burdens, including a pilot scheme on tax credits for business R&D investments for the years 2002 and 2003.",A competition package was introduced in January 2002 to simplify regulation and ease firms’ administrative burdens.,177.0,177.0
DNK_2005_002,DNK,Denmark,2005,2002.0,,,,,,,,explicit,high,innovation,innovation_instruments,,,private,adoption,growth_supporting,"Simplifying tax rules and providing tax credits are expected to increase private investment in innovation, thereby supporting economic growth.",high,Innovation Investment and Collaboration Reform,Tax Simplification and Credit Scheme,True,implemented,The tax credit scheme has been introduced and is operational.,high,False,2,These reforms are significant in promoting private investment but do not represent a complete overhaul of the system.,medium,"The Danish government is working to simplify complicated tax rules that hinder private investment in innovation and venture capital, while also having introduced a tax credit scheme to encourage collaboration between firms and public research institutions. These measures aim to enhance research partnerships and stimulate private sector investment in innovation.",A tax credit scheme was tried out in 2002 whereby a firm received a 150% tax credit for payments made to a public institution as part of a collaborative research project.,,
DNK_2005_001,DNK,Denmark,2005,2004.0,,,,2004.0,explicit,high,,explicit,high,innovation,knowledge_transfer,,,public_private,commercialization,growth_supporting,Enhancing technology transfer and commercialization is expected to lead to increased innovation and economic growth.,high,Technology Transfer and Commercialization Reform,University Invention Ownership,True,implemented,"The reform has been put into practice, allowing universities to claim ownership of inventions.",high,True,3,"The reform significantly changes the ownership structure of inventions, which is a major shift in policy.",high,"Denmark's government has implemented a reform allowing universities to claim ownership of their employees' inventions, which enhances their ability to commercialize intellectual property and boost technology transfer. This reform aims to improve technology transfer to enhance the commercialization of research, addressing previous bureaucratic obstacles.","A reform in 2000 improved technology transfer, but research funding is still largely institution-based with little explicit link to quality.",,
DNK_2005_003,DNK,Denmark,2005,2005.0,2004.0,explicit,high,,,,,explicit,high,innovation,rd_funding,,,public_private,applied,growth_supporting,"Increasing R&D spending and implementing performance-based funding are expected to enhance research quality and relevance, contributing to economic growth.",high,R&D Funding Reform,Performance-Based Funding Mechanism,True,implemented,"R&D spending has increased, and the government is actively working on the funding mechanism.",high,False,2,The shift to performance-based funding is significant but does not represent a complete overhaul of the funding system.,medium,"Denmark has seen an increase in R&D spending, indicating a commitment to enhancing its research capabilities and innovation environment. The government plans to shift towards a contestable performance-based funding mechanism for research, allowing private firms to compete for public research funds on equal terms, which is expected to improve the effectiveness of the research budget by tying funding to quality outcomes.",Getting better results from the research budget would also be useful. One way is to shift further towards a contestable performance-based funding mechanism and to tie funding to quality.,10.0,10.0
DNK_2009_004,DNK,Denmark,2009,2007.0,2006.0,explicit,high,,,,,explicit,high,innovation,rd_funding,,,public,applied,growth_supporting,Increased funding for R&D is expected to enhance innovation and competitiveness in various sectors.,high,R&D Investment Initiative,,False,implemented,The funding has been allocated and utilized for various R&D initiatives.,high,True,3,This significant investment in R&D is a major reform aimed at enhancing the country's innovation capacity.,high,The Danish government announced investments of an additional €1.5 billion in R&D over the period of 2007-2010 to boost research and innovation activities.,The government announced investments of an additional €1.5 billion in R&D over 2007-10.,86.0,87.0
DNK_2009_006,DNK,Denmark,2009,2007.0,,,,,,,,explicit,high,innovation,human_capital,,,public_private,applied,growth_supporting,"Employer-financed vocational training is expected to enhance the skills of the workforce, contributing to innovation and productivity.",high,Vocational Training Agreement,Vocational Training Commitment,False,implemented,The agreement has been put into practice and is currently active.,high,False,2,"While significant, this agreement is more of an incremental adjustment rather than a structural reform.",medium,"A new three-year collective employment agreement for the manufacturing sector was negotiated in 2007, which includes a commitment to employer-financed vocational training, allowing employees to receive training while earning a portion of their wages.",A new three-year collective employment agreement for the manufacturing sector... contained a new commitment to employer-financed vocational training.,108.0,108.0
DNK_2013_013,DNK,Denmark,2013,2007.0,,,,,,,,explicit,high,innovation,startup_ecosystem,,,public_private,unknown,growth_supporting,"These centres aim to enhance the entrepreneurial environment and provide tailored support to high-growth firms, which can lead to increased innovation and economic dynamism.",high,2007 Business Development Initiative,Business Development Centres,True,implemented,The Business Development Centres were established to support entrepreneurship.,high,False,2,"The establishment of these centres represents a significant effort to enhance support for entrepreneurship, although it is part of a broader initiative rather than a standalone major reform.",medium,The Danish government established five Business Development Centres (Vaeksthus) in 2007 to promote entrepreneurship and support high-growth firms.,"In 2007, five Business Development Centres (Vaeksthus) were established to promote entrepreneurship and high-growth firms.",,
DNK_2009_002,DNK,Denmark,2009,2009.0,2009.0,explicit,high,,,,,explicit,high,innovation,research_infrastructure,,,public,adoption,growth_supporting,"Investing in transport infrastructure is expected to enhance connectivity and efficiency, supporting economic growth.",high,Green Transport Initiative,,False,implemented,The initiative has been actively pursued and funded since its announcement.,high,True,3,This initiative represents a major investment in infrastructure with significant implications for the economy.,high,"The Danish government announced a 'green transport' initiative involving DKK94 billion in infrastructure spending over 2009-2020, aimed at upgrading rail transport and reducing car use.",The government announced a 'green transport' initiative to follow up on a transport policy framework announced in December 2008.,,
DNK_2009_003,DNK,Denmark,2009,2009.0,,,,,,,,explicit,high,innovation,research_infrastructure,,,public,adoption,growth_supporting,"This fund aims to improve infrastructure, which is crucial for economic development and efficiency.",high,Infrastructure Financing Fund,,False,implemented,"The fund has been operational since its creation, financing various infrastructure projects.",high,True,3,The establishment of a large fund for infrastructure is a significant reform with broad economic implications.,high,"The Danish government created a DKK90 billion fund to finance infrastructure projects over 2009-2020, addressing a significant infrastructure backlog and prioritizing investments based on socio-economic returns.","The government created a DKK90 billion fund to finance infrastructure projects over 2009-20, including in environment and public transport.",79.0,79.0
DNK_2009_005,DNK,Denmark,2009,2009.0,2009.0,explicit,high,,,,,explicit,high,innovation,innovation_instruments,,,private,adoption,growth_supporting,Improving the business environment is expected to enhance entrepreneurship and innovation.,high,Business Environment Reform Package,,False,implemented,The reforms have been enacted and are currently in effect.,high,True,3,This reform package represents a significant overhaul of the business operating environment.,high,"The Danish government unveiled a new package of reforms aimed at improving conditions for starting and operating businesses, which includes measures to facilitate access to authorities and streamline administrative processes.","In March 2009, the government unveiled a new package of reforms to that effect, including providing better conditions for starting and operating businesses.",,
DNK_2013_001,DNK,Denmark,2013,2012.0,,,,,,,,explicit,high,innovation,innovation_instruments,,,private,applied,growth_supporting,"This reform enhances financial support for R&D activities, particularly for young firms, thereby fostering innovation and productivity growth.",high,Danish Innovation Strategy,R&D Tax Refund Scheme,False,implemented,The scheme was introduced to support R&D spending among firms.,high,True,3,"This reform represents a significant change in the support structure for R&D, particularly for small and young firms, which is crucial for fostering innovation and economic growth.",medium,"The Danish government introduced a new scheme allowing firms that spend on R&D and face after-tax income losses to benefit from a tax refund of 25% of these losses, aimed at improving access to funding for young and financially constrained firms.","In 2012, a new tax incentives scheme was introduced, allowing firms that spend on R&D and face after-tax income losses to benefit from a tax refund of 25% of these losses.",,
DNK_2013_002,DNK,Denmark,2013,2012.0,,,,,,,,explicit,high,innovation,knowledge_transfer,,,public_private,commercialization,growth_supporting,"By fostering collaboration between businesses and educational institutions, this initiative aims to enhance knowledge transfer and innovation outcomes.",high,Danish Innovation Strategy,Public-Private Partnerships Initiative,True,implemented,The Danish Innovation Strategy includes various initiatives to encourage cooperation between business and education institutions.,high,False,2,"This initiative represents a significant effort to enhance collaboration between sectors, which is crucial for driving innovation.",medium,The Danish Innovation Strategy launched in December 2012 includes initiatives to encourage cooperation between businesses and educational institutions through public-private partnerships.,The Danish Innovation Strategy that was launched by the government in December 2012 includes various initiatives to encourage cooperation between business and education institutions.,,
DNK_2013_009,DNK,Denmark,2013,2012.0,2012.0,explicit,high,,,,,explicit,high,innovation,innovation_instruments,,,public,applied,growth_supporting,"The strategy aims to foster innovation and job creation, which can enhance productivity and economic growth.",high,Denmark's Innovation Strategy,,False,implemented,The Innovation Strategy was launched with specific initiatives.,high,True,3,"The strategy represents a comprehensive approach to enhancing innovation across multiple sectors, which is crucial for long-term economic growth.",high,"Denmark launched an Innovation Strategy in December 2012, comprising 27 initiatives aimed at creating new jobs and growth through enhanced research, innovation, and education.","In December 2012, the Ministry of Science, Innovation and Higher Education launched an Innovation Strategy, with a view to create new jobs and growth through 27 initiatives in the areas of research, innovation and education.",,
DNK_2013_004,DNK,Denmark,2013,2013.0,2011.0,explicit,high,,,,,explicit,high,innovation,startup_ecosystem,,,public_private,adoption,growth_supporting,Enhancing cooperation between public and private sectors can lead to more efficient public services and stimulate innovation in the private sector.,high,Public-Private Cooperation Strategy,Promotion of PPPs,False,implemented,The Council for Public-Private Co-operation was established in April 2013 to support this initiative.,high,False,2,"This reform represents a significant effort to enhance the role of the private sector in public procurement, which can lead to improved service delivery and innovation.",medium,Denmark has implemented a strategy to promote public-private partnerships (PPPs) to enhance competition for public sector contracts and improve cooperation between public authorities and private companies.,"In 2011, a strategy to promote public-private cooperation was initiated.",,
DNK_2013_007,DNK,Denmark,2013,2013.0,,,,,,,,explicit,high,innovation,startup_ecosystem,,,public_private,adoption,growth_supporting,"Enhances collaboration and knowledge sharing, which can lead to increased innovation and competitiveness among SMEs.",high,2013 Cluster Strategy,,False,implemented,The new cluster strategy was launched in April 2013.,high,True,3,"This reform represents a significant structural change aimed at enhancing innovation through improved cluster dynamics, which is crucial for the competitiveness of the Danish economy.",high,"A new cluster strategy was launched to improve framework conditions for innovation and knowledge sharing, focusing on expanding clusters and increasing collaboration at various levels.","In April 2013, a new cluster strategy was launched to improve framework conditions for innovation and knowledge sharing, with a view to expanding clusters.",,
DNK_2013_014,DNK,Denmark,2013,2013.0,,,,2013.0,explicit,high,,explicit,high,innovation,human_capital,,,public,applied,growth_supporting,"By incentivizing quicker completion of tertiary education, the reform aims to increase the skilled labor supply, which can enhance productivity and economic growth.",high,2013 Tertiary Education Grant Reform,,False,implemented,The reform was enacted in April 2013.,high,True,3,"This reform represents a significant overhaul of the grant system, aiming to improve educational outcomes and labor market readiness, which is crucial for economic competitiveness.",high,"In April 2013, the state grant system for tertiary education was reformed to speed up completion and thereby raise labour supply, introducing stricter conditions for grant eligibility and shortening the average duration of study programmes.","In April 2013, the state grant system for tertiary education was reformed to speed up completion and thereby raise labour supply.",,
DNK_2013_006,DNK,Denmark,2013,2014.0,,,,,,,,explicit,high,innovation,innovation_instruments,,,public,basic,growth_supporting,"The merger aims to streamline funding processes, reduce red tape, and enhance the effectiveness of public research funding.",high,Innovation Foundation Merger,,False,legislated,The three different funding bodies will be merged into the Innovation Foundation.,high,True,3,"This reform represents a significant structural change in the funding landscape for research, aiming to enhance efficiency and effectiveness in public R&D support.",high,"In 2014, Denmark plans to merge three different funding bodies into the Innovation Foundation to improve the efficiency and transparency of public support for basic research.","In 2014, the three different funding bodies will be merged into the Innovation Foundation with a view to improve efficiency, increase transparency and reduce red tape.",,
DNK_2019_003,DNK,Denmark,2019,2017.0,,,,,,,,explicit,high,innovation,innovation_instruments,,,public_private,unknown,growth_supporting,"The Council aims to harness technological changes for broad economic benefits, potentially enhancing productivity and innovation across sectors.",high,Disruption Council Initiative,,False,implemented,The Council was established and is actively functioning.,high,False,2,"The establishment of the Council represents a significant step in coordinating responses to technological disruption, fostering collaboration among various stakeholders.",medium,"The Danish Government launched a 'Disruption Council' to analyze and discuss future challenges from technological changes and globalization, aiming to ensure that all Danes benefit from economic development.","In May 2017, the Danish Government established a 'Disruption Council', a partnership between the social partners, businesses, experts and the Government.",86.0,86.0
DNK_2019_005,DNK,Denmark,2019,2018.0,,,,,,,,explicit,high,innovation,startup_ecosystem,,,public_private,commercialization,growth_supporting,"The reform aims to address market failures by providing better access to capital and guidance for startups, which can enhance innovation and firm growth.",high,2018 Business Promotion Reform,Simplification of Business Promotion Services,False,implemented,The reform was approved and implemented to simplify the system.,high,False,2,"The simplification of the business promotion services is significant as it enhances the support structure for startups, which is crucial for fostering innovation and economic growth.",medium,"In 2018, Denmark approved a reform to simplify the public business promotion services system, enhancing support for startups and medium-term firm growth.","In 2018, a welcome reform was approved to simplify the system significantly.",101.0,101.0
DNK_2019_009,DNK,Denmark,2019,2018.0,2017.0,explicit,high,,,,,explicit,high,innovation,knowledge_transfer,,,public_private,commercialization,growth_supporting,"By improving technology transfer mechanisms, the reform is expected to enhance collaboration between universities and businesses, leading to increased commercialization of research outputs.",high,2018 Research and Innovation Strategy,Technology Transfer Initiatives,True,implemented,The strategy was launched with specific initiatives to strengthen technology transfers.,high,False,2,"The reform represents a significant effort to enhance the commercialization of research through improved technology transfer, which is crucial for innovation.",medium,"In December 2017, Denmark launched a new research and innovation strategy aimed at strengthening research in technology and enhancing technology transfers from universities to businesses, including an inspection of existing efforts and legislation to remove barriers.","In December 2017, a new research and innovation strategy was launched, including initiatives to strengthen research in technology and technology transfers from universities to business.",114.0,114.0
DNK_2019_010,DNK,Denmark,2019,2018.0,2018.0,explicit,high,,,,,explicit,high,innovation,other,,,private,adoption,growth_supporting,"Enhancing cybersecurity is expected to build trust in digital technologies, which is essential for their adoption and the overall productivity growth of firms.",high,2018 Digital Growth Reform Package,Cybersecurity Initiatives,True,implemented,The Government launched a national strategy for cyber and information security.,high,False,2,"The reform addresses a critical area of concern for businesses, particularly small firms, and aims to enhance their resilience against cyber threats, which is vital for fostering innovation.",medium,"The 2018 Digital Growth reform package includes initiatives to strengthen cybersecurity in companies, establishing a single digital point of entry for reporting IT security incidents and launching a national strategy for cyber and information security.",The 2018 Digital Growth reform package contains a number of initiatives to strengthen cyber security in companies.,121.0,121.0
DNK_2019_012,DNK,Denmark,2019,2018.0,,,,,,,,explicit,high,innovation,human_capital,,,public_private,applied,growth_supporting,Increasing the number of STEM graduates will enhance the skill base necessary for innovation and technological advancement.,high,Technology Pact,,False,implemented,The Government launched a Technology Pact aiming to raise the number of STEM graduates.,high,False,2,"This initiative is significant in addressing skill shortages in STEM fields, which are critical for future innovation.",medium,"The Government launched a Technology Pact aiming to raise the number of STEM graduates in collaboration with companies, educational and research institutions.","In April 2018, the Government also launched a Technology Pact aiming to raise the number of STEM graduates in collaboration with companies.",126.0,126.0
DNK_2009_001,DNK,Denmark,2009,2019.0,,,,,,,,explicit,high,innovation,rd_funding,,,public,applied,growth_supporting,Encouraging timely completion of education and increasing competitive research funding are expected to enhance human capital and innovation capacity.,high,Education and R&D Enhancement,Tertiary Education and R&D Funding Reform,True,implemented,The measures have been put into practice as part of ongoing government initiatives.,high,False,2,"The reforms are significant but not structural, focusing on enhancing education and competitive funding mechanisms.",medium,"Denmark is implementing measures to encourage timely completion of tertiary education, including making it easier for students to transition from secondary to tertiary education and providing universities with incentives to promote on-time completion. Additionally, the government has been working towards increasing the share of public research grants allocated on a competitive basis, aiming for at least 50% of funds to be subject to open competition, alongside investments in R&D in the agriculture sector to support green growth.",The government reached agreement with its parliamentary partners in June 2009 on a 'green growth' initiative with new measures focused on improving the environmental performance of the agriculture sector.,,
DNK_2019_007,DNK,Denmark,2019,2019.0,,,,,,,,explicit,high,innovation,innovation_instruments,,,public,commercialization,growth_supporting,"Simplifying support schemes is expected to improve access and effectiveness of public funding for innovation, particularly benefiting SMEs.",high,2019 Innovation Support Reform,Merger of Support Funds,True,implemented,The merger of the Market Development Fund with the Innovation Fund has been finalized.,high,False,2,"This reform represents a significant change in the structure of public support for innovation, aiming to enhance efficiency and accessibility for businesses.",medium,"Denmark plans to simplify its existing range of business support schemes by merging the Market Development Fund with the Innovation Fund, aiming to enhance public support for innovation while maintaining expertise.","A recent political agreement plans to simplify the existing range of business support schemes, which will merge the Market Development Fund with the Innovation Fund.",111.0,111.0
DNK_2019_008,DNK,Denmark,2019,2019.0,,,,,,,,explicit,high,innovation,innovation_instruments,,,private,applied,growth_supporting,"Increasing tax incentives for R&D is expected to stimulate private sector investment in innovation, particularly benefiting young and innovative firms.",high,2019 R&D Tax Incentive Reform,Enhanced Tax Allowance,True,implemented,The enhanced tax allowance rate will gradually increase as planned.,high,False,2,"This reform is a significant adjustment to the existing tax incentive framework, aimed at increasing R&D investment in the private sector.",medium,"Denmark is set to increase R&D tax incentives by introducing an enhanced tax allowance for current R&D expenditure, gradually increasing from 1.5% in 2019 to 10% in 2026.",Recent reform will increase R&D tax incentives by introducing enhanced tax allowance for current R&D expenditure.,,
DNK_2019_011,DNK,Denmark,2019,2019.0,2018.0,explicit,high,,,,,explicit,high,innovation,human_capital,,,public,applied,growth_supporting,"Improving the education system aligns skills with market demand, enhancing productivity and innovation potential.",high,University Funding Reform,,False,implemented,An agreement was passed in December 2017 to reform university funding.,high,True,3,"This reform represents a structural change in how university funding is allocated, which is crucial for aligning education with future labor market needs.",high,The Government has initiated a wide scale reflection on how to improve the education system and make it more relevant for the labour market by reforming the university funding system and better targeting labour market demand and future skill needs in education.,An agreement was passed in December 2017 to reform university funding based on quality and outcomes of students.,,
DNK_2021_002,DNK,Denmark,2021,2020.0,,,,,,,,explicit,high,innovation,sectoral_rd,innovation_instruments,,public_private,applied,growth_supporting,"The strategy supports innovation in clean technologies, enhancing sustainability and economic growth.",high,Green Transition Strategy,EUDP and Innovation Fund Support,False,implemented,Programmes like EUDP are already in operation.,high,True,3,The strategy represents a major overhaul of Denmark's approach to clean technology R&D.,high,"Denmark is implementing a comprehensive strategy to support research and development in clean technologies, aiming to cut carbon emissions by 70% by 2030. This includes attracting private investment, enhancing public-private cooperation, and focusing on missions such as carbon capture, power-to-X, and eco-friendly agriculture. Major programmes like the Energy Technology Development and Demonstration Programme (EUDP) are central to this effort.","The green research strategy is focused on four missions: 1) carbon capture, utilisation and storage, 2) power-to-X, 3) climate and eco-friendly agriculture and food production, 4) recycling and reduction of plastic waste.",89.0,89.0
DNK_2021_004,DNK,Denmark,2021,2020.0,2020.0,explicit,high,,,,,explicit,high,innovation,innovation_instruments,,,private,applied,growth_supporting,"The tax incentive encourages private sector investment in R&D, boosting innovation.",high,R&D Tax Incentive Enhancement,R&D Tax Allowance Increase,False,implemented,The tax allowance was applied in 2020 and extended.,high,False,2,The temporary increase is a significant incentive for private R&D investment.,medium,"Denmark temporarily increased the R&D enhanced tax allowance to 130% for R&D expenses up to DKK 850 million in 2020 and 2021, later extended to 2022.",The package also included a temporary increase in the R&D enhanced tax allowance to 130% in 2020 and 2021 (later extended to 2022) for R&D expenses up to DKK 850 million.,20.0,20.0
DNK_2024_004,DNK,Denmark,2024,2022.0,,,,,,,,explicit,high,innovation,research_infrastructure,,,public,applied,growth_supporting,"Integrating digital technologies in healthcare is expected to improve service delivery and efficiency, contributing positively to economic growth.",high,Healthcare Digital Integration,Digital Health Technologies,False,implemented,The political agreement has been reached and initiatives are underway to implement the integration of digital technologies in healthcare.,high,False,2,"The agreement represents a significant step towards improving healthcare services through technology, though it is not a complete overhaul.",medium,A political agreement was reached to strengthen the integration of healthcare services and develop digital technologies to address shortages in healthcare.,A political agreement was reached to strengthen the integration of healthcare services at the local level and quality assurance.,18.0,18.0
DNK_2024_001,DNK,Denmark,2024,2024.0,2023.0,explicit,high,,,,,explicit,high,innovation,innovation_instruments,,,private,applied,growth_supporting,"The reforms are designed to stimulate R&D investment and innovation in the private sector, which is expected to enhance productivity and economic growth.",high,R&D Tax Incentives,Tax Allowance Reforms,True,implemented,The reforms have been officially implemented as part of Denmark's ongoing efforts to boost R&D investment.,high,False,2,"The reforms significantly enhance existing tax incentives for R&D, which is a notable change but not a complete overhaul of the system.",medium,"Denmark has introduced favourable depreciation rules for green investment and increased the tax allowance for R&D expenses from 101.5% to 130%, with a DKK 50 million cap on qualifying expenditures. Additionally, plans are in place to further raise public support for research and development by making the R&D tax subsidy incremental, aiming to enhance incentives for innovation, particularly in small companies.",The research and development tax subsidy remains relatively low by international standards. Further increase public support to research and development by raising the R&D tax subsidy and making it incremental.,64.0,64.0
DNK_2024_003,DNK,Denmark,2024,2024.0,2023.0,explicit,high,,,,,explicit,high,innovation,knowledge_transfer,sectoral_rd,,public_private,commercialization,growth_supporting,"Fostering collaboration between academia and industry is expected to enhance innovation and commercialization of research, contributing to economic growth.",high,Green Innovation Partnerships,Collaboration Incentives,True,implemented,The funding allocation and initiatives have been officially implemented as part of Denmark's innovation strategy.,high,False,2,The allocation of funds and the focus on collaboration represent a significant but not transformative change in policy.,medium,"Denmark allocated DKK 700 million to develop green research innovation partnerships, enhancing cooperation between firms and universities to foster innovation. Additionally, the government aims to raise incentives for cooperation between universities and businesses by providing targeted funding and revising intellectual property rights.","Raise incentives for the cooperation between universities and businesses by providing targeted funding, revising intellectual property rights, and harmonising procedures.",64.0,64.0
DNK_2024_005,DNK,Denmark,2024,2024.0,2023.0,explicit,high,,,,,explicit,high,innovation,startup_ecosystem,,,public,adoption,growth_supporting,Enhancing access to capital for start-ups is expected to stimulate innovation and growth in the entrepreneurial sector.,high,Startup Financing Initiative,Scale-Up Support,False,announced,The initiative has been officially announced and is set to be implemented in 2024.,high,False,2,"The additional funding represents a significant enhancement of support for start-ups, though it is not a complete overhaul of the system.",medium,"Denmark has prioritized an additional 6 billion DKK towards equity finance and access to capital in the scale-up phase, aiming to enhance support for innovative start-ups and SMEs.",Denmark prioritised an additional 6 billion DKK towards equity finance and access to capital in the scale-up phase.,55.0,55.0
DNK_2024_006,DNK,Denmark,2024,2024.0,2023.0,explicit,high,,,,,explicit,high,innovation,human_capital,,,public,applied,growth_supporting,"Increasing access to higher education is expected to enhance the supply of skilled researchers and innovators, contributing positively to economic growth.",high,Higher Education Expansion,English-Taught Master's Programmes,False,announced,The agreement has been officially announced and is set to be implemented starting in 2024.,high,False,2,"The expansion of university places represents a significant step towards improving human capital, though it is not a complete overhaul of the education system.",medium,"Denmark's government has announced an agreement to increase the number of university places available for English-taught master's programmes, allowing for an additional 1,100 students each year from 2024-2028 and 2,500 from 2029.","The recently announced agreement to allow universities to augment their enrolment of students in English-taught master’s programmes by 1,100 each year from 2024-2028, and by 2,500 from 2029 is welcome.",,
DNK_2024_002,DNK,Denmark,2024,2025.0,2023.0,explicit,high,,,,,explicit,high,innovation,rd_funding,,,public,applied,growth_supporting,"Increasing R&D funding is expected to stimulate innovation and productivity in the business sector, contributing positively to economic growth.",high,Business R&D Support,R&D Funding Increase,True,announced,The plan has been officially announced and is set to be implemented by 2025.,high,True,3,"This reform represents a significant increase in public funding for business R&D, marking a major policy shift.",high,"Denmark plans to increase business R&D support by 0.25 percentage points of GDP by 2025, aiming to close the gap to the OECD average. This includes raising tax allowances for R&D expenses to 130% for incremental R&D expenses, thereby enhancing public support for business R&D.",The government aims to increase business R&D by 0.25 ppt of GDP by 2025 to halve the gap to the OECD average.,,
DNK_2024_007,DNK,Denmark,2024,2025.0,2023.0,explicit,high,,,,,explicit,high,innovation,sectoral_rd,,,public,applied,growth_supporting,"Improving productivity in the public sector through automation is expected to enhance efficiency and service delivery, contributing positively to economic growth.",high,Public Sector Automation,Long-Term Care Productivity Plan,False,announced,The plan has been officially announced and is set to be implemented by 2025.,high,True,3,The 10-year plan represents a significant structural change in how public services will be delivered.,high,"Denmark is preparing a 10-year plan to achieve an additional 10,000 equivalent full-time employees in the public sector through automation and digitisation, which aims to improve productivity in the long-term care sector.","Denmark is preparing a 10-year plan to achieve an additional 10,000 equivalent full-time employees in the public sector via automation and digitisation.",116.0,116.0
DNK_2019_004,DNK,Denmark,2019,2026.0,2017.0,explicit,high,,,,,explicit,high,innovation,innovation_instruments,,,private,applied,growth_supporting,"Increasing the tax deduction for R&D expenditures incentivizes firms to invest more in research and development, which can enhance innovation and productivity.",high,Business and Entrepreneurship Reform Package,R&D Tax Deduction Increase,True,legislated,The tax deduction increase was included in the business and entrepreneurship reform package.,high,False,2,"This reform is significant as it directly impacts the funding available for R&D activities, encouraging firms to enhance their innovative capabilities.",medium,"A business and entrepreneurship reform package was introduced, which includes a gradual increase in the tax deduction for R&D expenditures from 100% to 110% by 2026.",Gradually increased tax deduction of R&D expenditures from 100% to reach 110% in 2026.,,
DNK_1999_001,DNK,Denmark,1999,,1999.0,explicit,high,,,,,,,innovation,startup_ecosystem,,,private,unknown,growth_supporting,Lowering barriers for entrepreneurs is expected to stimulate innovation and economic activity.,high,Startup Ecosystem Enhancement,Lowering Barriers for Entrepreneurs,True,announced,The reform has been officially announced but not yet legislated.,high,False,2,"This reform is significant as it aims to create a more dynamic business environment, though it is not a structural overhaul.",medium,"Denmark aims to lower barriers for entrepreneurs and innovators to foster a more dynamic business environment, enhancing the startup ecosystem.",The programme aims for: Lower barriers for entrepreneurs and innovators.,,
DNK_1999_002,DNK,Denmark,1999,,1999.0,explicit,high,,,,,,,innovation,rd_funding,,,private,applied,growth_supporting,Stimulating business-financed R&D is expected to enhance innovation capacity and productivity in the private sector.,high,R&D Funding Enhancement,Stimulating Business-Financed R&D,True,announced,The reform has been officially announced but not yet legislated.,high,False,2,"This reform is significant as it aims to enhance innovation capacity through increased R&D funding, though it is not a major structural change.",medium,The Danish government is stimulating business-financed research and development to enhance innovation capacity in the private sector.,The programme aims for: Stimulating business-financed research and development.,,
DNK_2005_004,DNK,Denmark,2005,,2004.0,explicit,high,,,,,,,innovation,startup_ecosystem,,,private,adoption,growth_supporting,Facilitating re-entry for failed entrepreneurs is expected to foster a more dynamic startup ecosystem and encourage innovation.,high,Entrepreneurship Support Reform,Bankruptcy Regulation Relaxation,True,recommended,The proposal has been made but not yet implemented.,medium,False,2,This reform is significant in supporting entrepreneurship but does not represent a major systemic change.,medium,"The Danish government proposed to relax bankruptcy regulations to facilitate easier re-entry for failed entrepreneurs, which is expected to enhance innovation and growth by allowing entrepreneurs to learn from their failures.",The government put a proposal to parliament in late 2004 aimed at relaxing these regulations and making it easier for failed entrepreneurs to start over.,150.0,150.0
DNK_2013_003,DNK,Denmark,2013,,2013.0,explicit,high,,,,,,,innovation,rd_funding,,,public_private,applied,growth_supporting,Improving the connection between academia and industry can lead to increased innovation and productivity in the economy.,high,2013 Research Funding Reform,,False,recommended,The recommendation suggests a shift in funding strategy to enhance collaboration.,high,False,2,This reform represents a significant shift in funding strategy that could enhance innovation capacity through better collaboration.,medium,Denmark is moving towards a more balanced mix of project and institutional-based research funding to enhance links between universities and industry.,Move towards a more balanced mix of project and institutional based research funding with the objective to increase the links between universities and industry.,36.0,36.0
DNK_2013_005,DNK,Denmark,2013,,2012.0,explicit,high,,,,,,,innovation,innovation_instruments,,,public,applied,growth_supporting,The strategy aims to enhance innovation capacity and productivity by addressing societal challenges and improving the efficiency of innovation policies.,high,Danish Innovation Strategy,,False,announced,The government launched an Innovation Strategy with various initiatives.,high,True,3,"The strategy represents a comprehensive approach to enhancing Denmark's innovation ecosystem, with significant implications for productivity and economic growth.",high,"In December 2012, the Danish government launched an Innovation Strategy that identified gaps in the innovation framework and proposed initiatives to enhance Denmark's position as an innovation leader, focusing on societal challenges and improving knowledge capacity.","In December 2012, the government launched an Innovation Strategy. It identified some gaps in the innovation framework and proposed initiatives to help Denmark remain an innovation leader.",,
DNK_2013_008,DNK,Denmark,2013,,2013.0,explicit,high,,,,,,,innovation,innovation_instruments,,,public,unknown,growth_supporting,"Streamlining funding programmes can enhance efficiency and effectiveness in supporting innovation, potentially leading to increased economic growth.",medium,Innovation Policy Streamlining,,False,recommended,The recommendation to evaluate and streamline innovation funding programmes was made.,high,False,2,"While significant, this reform is more about improving existing structures rather than creating new ones, thus it is important but not major.",medium,The government is evaluating the recent merger of different innovation funding programmes to streamline innovation policy instruments and funding programmes.,"Evaluate the recent merger of different innovation funding programmes and if needed, consider further streamlining innovation policy instruments and funding programmes.",,
DNK_2013_010,DNK,Denmark,2013,,2012.0,explicit,high,,,,,,,innovation,innovation_instruments,,,public_private,adoption,growth_supporting,"By facilitating the market introduction of innovative solutions, the fund is expected to enhance competitiveness and drive economic growth.",high,Denmark's Innovation Strategy,Market Development Fund,True,announced,The restructuring of the Business Innovation Fund was part of the announced Innovation Strategy.,medium,False,2,"The reform represents a significant shift in funding focus, aiming to better align public support with market needs.",medium,"The restructuring of the 'Business Innovation Fund' into a 'Market Development Fund' aims to support the introduction of innovative solutions to the market, including green and welfare solutions.","Restructure the 'Business Innovation Fund' to turn it into a 'Market Development Fund' to support the introduction of innovative solutions to the market, including green and welfare solutions.",,
DNK_2013_011,DNK,Denmark,2013,,,,,,,,,,,innovation,innovation_instruments,,,public_private,applied,growth_supporting,Improving support for innovative firms can lead to increased productivity and competitiveness in the economy.,high,2013 Innovation Policy Enhancement,,False,recommended,The recommendation emphasizes the need for better support mechanisms for innovative firms.,high,False,2,"This reform addresses a significant aspect of the innovation policy framework, focusing on enhancing support for a key segment of the economy.",medium,Denmark aims to enhance the efficiency of its innovation policies by ensuring that some schemes provide effective support to young and dynamic innovative firms.,It is important to make sure that some schemes provide efficient support to young and dynamic innovative firms.,40.0,40.0
DNK_2013_012,DNK,Denmark,2013,,,,,,,,,,,innovation,innovation_instruments,,,private,applied,growth_supporting,"Enhancing R&D tax credits can incentivize firms to invest more in research and development, leading to innovation and economic growth.",high,2013 R&D Tax Credit Reform,,False,recommended,The recommendation suggests improvements to R&D tax credit programmes to support innovative firms.,high,False,2,This reform is significant as it directly impacts the financial incentives for firms to engage in R&D activities.,medium,The OECD recommends extending carry-over provisions and cash refunds in R&D tax credit programmes or increasing direct support to better assist young and dynamic firms.,Further extend carry-over provisions and cash refunds in R&D tax credit programmes or increase direct support.,13.0,13.0
DNK_2019_001,DNK,Denmark,2019,,2019.0,explicit,high,,,,,,,innovation,rd_funding,,,private,applied,growth_supporting,"Increases overall business R&D investment, fostering innovation and competitiveness among smaller firms.",high,2019 Business R&D Support Initiative,,False,announced,The government plans to broaden public support to business R&D.,high,False,2,This reform is significant as it aims to diversify R&D funding sources and stimulate innovation across a broader range of firms.,medium,"Denmark is expanding its public support for business R&D through well-designed R&D grants and tax credits aimed at incremental R&D expenses, addressing the concentration of business R&D spending in a few large firms.",Broaden public support to business R&D through well-designed R&D grants and tax credits for incremental R&D expenses.,14.0,14.0
DNK_2019_002,DNK,Denmark,2019,,2019.0,explicit,high,,,,,,,innovation,research_infrastructure,,,public_private,applied,growth_supporting,"Enhances the availability of data for research and innovation, potentially leading to new services and business models.",high,2019 Open Data Initiative,,False,announced,The government aims to make more public data available to foster innovation.,high,False,2,"This initiative is important as it leverages existing public data to stimulate innovation and research, enhancing the overall innovation ecosystem.",medium,"The Danish government is investing in open access to public-sector basic data, including weather data, to foster innovation and research opportunities for businesses.",Recent digital initiatives by the Government aim at fostering further open access to public-sector basic data.,120.0,120.0
DNK_2019_006,DNK,Denmark,2019,,,,,,,,,,,innovation,innovation_instruments,,,private,adoption,growth_supporting,"By reducing the tax bias against equity, the ACE could encourage more investment in innovative projects, thereby enhancing economic growth.",high,Corporate Tax Reform Initiative,Allowance for Corporate Equity,True,recommended,The Government has proposed the ACE as a reform to stimulate investment.,medium,True,3,The introduction of an ACE represents a significant shift in corporate tax policy that could fundamentally alter investment incentives and support innovation.,high,"The Danish government is considering an allowance for corporate equity (ACE) to reduce the tax bias towards debt financing, which could stimulate investment and innovation.",A more fundamental reform to introduce an allowance for corporate equity (ACE) is currently being considered by the Government.,,
DNK_2019_013,DNK,Denmark,2019,,2019.0,explicit,high,,,,,,,innovation,knowledge_transfer,,,public_private,commercialization,growth_supporting,Facilitating collaboration is expected to enhance knowledge transfer and commercialization of research outputs.,high,2019 Innovation Strategy,,False,recommended,The recommendation to improve collaboration between universities and businesses is emphasized in the survey.,high,False,2,"This reform is significant as it addresses barriers to collaboration, which is essential for enhancing innovation and economic growth.",medium,The Danish government aims to improve collaboration between universities and businesses by simplifying the regulatory framework and enhancing intellectual property rights policies.,"Improve collaboration between universities and businesses by reducing the complexity of the system regulating cooperation, and improving intellectual property right policies of universities.",130.0,130.0
DNK_2021_001,DNK,Denmark,2021,,2022.0,explicit,high,,,,,,,innovation,innovation_instruments,,,public,adoption,growth_supporting,"The strategy aims to enhance digital infrastructure and capabilities, supporting innovation and productivity.",high,Digitalisation Strategy 2022,,False,announced,Official announcement for 2022 launch.,high,False,1,The strategy is a targeted initiative to improve digitalisation.,medium,A new digitalisation strategy will be launched in early 2022 based on the Digitization Partnership recommendations.,A new digitalisation strategy will be launched in early 2022 on the basis of the Digitization Partnership recommendations released in October 2021.,44.0,44.0
DNK_2021_003,DNK,Denmark,2021,,2021.0,imputed_survey_year,high,,,,,,,innovation,sectoral_rd,,,public,applied,growth_supporting,The strategy aims to reduce emissions and promote sustainable practices in agriculture and industry.,high,Green Research Strategy,Agricultural R&D for Emission Reduction,False,announced,Official announcements of investment plans.,high,False,2,The strategy is significant for its focus on sustainable practices and emissions reduction.,medium,"Denmark is investing in research and development to enhance agriculture's contribution to a net-zero target, focusing on alternatives to greenhouse gas intensive practices and improving emissions monitoring. The green research strategy also emphasizes developing green fuels and Power-to-X technologies.","In the longer term, research and development can contribute to provide alternatives to GHG intensive practices and therefore abate emissions with limited leakage effects.",121.0,121.0
DNK_2021_005,DNK,Denmark,2021,,2020.0,explicit,high,,,,,,,innovation,rd_funding,sectoral_rd,,public_private,applied,growth_supporting,"The plan supports green innovation and technology scaling, contributing to sustainable economic growth.",high,Green Recovery and Investment Plan,Green R&D Funding,False,announced,Official announcements of funding allocations.,high,False,2,The plan provides significant funding for green R&D and innovation.,medium,"The Danish government announced a Green recovery plan, which includes substantial support for research and development of green technologies, with DKK 3,900 million allocated for this purpose. Additionally, a trans-partisan agreement allocated DKK 6 billion to the Danish Green Investment Fund to promote green innovation and scale up technologies in five key areas.",A trans-partisan agreement between the Danish Government and other parties allocated DKK 6 billion to the Danish Green Investment Fund.,,
DNK_2021_006,DNK,Denmark,2021,,,,,,,,,,,innovation,sectoral_rd,,,public,applied,growth_supporting,Continued investment in wind energy supports renewable energy development and sustainability.,high,Wind Energy Support Programme,Wind R&D Funding,False,implemented,Ongoing funding and support for wind energy.,high,False,1,The programme is a continuation of existing support for wind energy.,medium,"The Danish government has sustained support for wind research, development, and deployment, with significant subsidies and increasing funding throughout the 2000s, peaking at DKK 618 million in 2013.","Sustained support for wind research, development and deployment, with significant subsidies in the late 1970s and 1980s and increasing funding throughout the 2000s, peaking at DKK 618 million in 2013.",103.0,103.0
DNK_2021_007,DNK,Denmark,2021,,,,,,,,,,,innovation,research_infrastructure,sectoral_rd,,public_private,adoption,growth_supporting,The development of wind energy islands and charging infrastructure supports renewable energy and sustainable transport.,high,Infrastructure and Energy Transition Plan,North Sea Wind Energy Island,False,announced,Official plans for infrastructure development.,high,True,3,The plan involves large-scale infrastructure projects with significant investment.,high,"The Danish government is planning to develop two wind energy islands to provide renewable electricity and sustainable fuels, with the first stage of the North Sea project estimated at EUR 29 billion. Additionally, a 10-year funding program for fast chargers on the trunk road network is part of the Infrastructure Plan 2035.","The Danish government is planning to develop two wind energy islands, an artificial island in the North Sea and the Baltic island of Bornholm, to provide renewable electricity, sustainable fuels and interconnection with other countries.",104.0,104.0
