country,year,section_code,section_name,section_name_en,program_code,program_description,program_description_en,line_description,line_description_en,budget_type,amount_local,currency,rd_category,pillar,taxonomy_score,decision,confidence,rationale,source_file,page_number
Canada,2024,CA_RD,"Science, Technology and Innovation","Science, Technology and Innovation",CA_NRC,National Research Council of Canada,National Research Council of Canada,National Research Council of Canada,National Research Council of Canada,,1345144088.0,CAD,direct_rd,Direct R&D,17.5,include,0.9,"Dedicated extractor (Canada); taxonomy_score=17.5; hits=[technology, science, innovation, science, technology and innovation, research council, contribution]",Appropriation Act 2024-25 C74.pdf,24
Canada,2023,CA_RD,"Science, Technology and Innovation","Science, Technology and Innovation",CA_NRC,National Research Council of Canada,National Research Council of Canada,National Research Council of Canada,National Research Council of Canada,,1294851014.0,CAD,direct_rd,Direct R&D,17.5,include,0.9,"Dedicated extractor (Canada); taxonomy_score=17.5; hits=[technology, science, innovation, science, technology and innovation, research council, contribution]",Appropriation Act 2023-24 C54.pdf,24
Canada,2022,CA_RD,"Science, Technology and Innovation","Science, Technology and Innovation",CA_NRC,National Research Council of Canada,National Research Council of Canada,National Research Council of Canada,National Research Council of Canada,,1186672629.0,CAD,direct_rd,Direct R&D,17.5,include,0.9,"Dedicated extractor (Canada); taxonomy_score=17.5; hits=[technology, science, innovation, science, technology and innovation, research council, contribution]",Appropriation Act 2022-23 C24.pdf,25
Canada,2021,CA_RD,"Science, Technology and Innovation","Science, Technology and Innovation",CA_NRC,National Research Council of Canada,National Research Council of Canada,National Research Council of Canada,National Research Council of Canada,,1084788870.0,CAD,direct_rd,Direct R&D,17.5,include,0.9,"Dedicated extractor (Canada); taxonomy_score=17.5; hits=[technology, science, innovation, science, technology and innovation, research council, contribution]",Appropriation Act 2021-22 C33.pdf,24
Canada,2020,CA_RD,"Science, Technology and Innovation","Science, Technology and Innovation",CA_NRC,National Research Council of Canada,National Research Council of Canada,National Research Council of Canada,National Research Council of Canada,,972251857.0,CAD,direct_rd,Direct R&D,17.5,include,0.9,"Dedicated extractor (Canada); taxonomy_score=17.5; hits=[technology, science, innovation, science, technology and innovation, research council, contribution]",Appropriation Act 2020-21 C16.pdf,24
Canada,2019,CA_RD,"Science, Technology and Innovation","Science, Technology and Innovation",CA_NRC,National Research Council of Canada,National Research Council of Canada,National Research Council of Canada,National Research Council of Canada,,943637993.0,CAD,direct_rd,Direct R&D,17.5,include,0.9,"Dedicated extractor (Canada); taxonomy_score=17.5; hits=[technology, science, innovation, science, technology and innovation, research council, contribution]",Appropriation Act 2019-20 C102.pdf,40
Canada,2018,CA_RD,"Science, Technology and Innovation","Science, Technology and Innovation",CA_NRC,National Research Council of Canada,National Research Council of Canada,National Research Council of Canada,National Research Council of Canada,,806761134.0,CAD,direct_rd,Direct R&D,17.5,include,0.9,"Dedicated extractor (Canada); taxonomy_score=17.5; hits=[technology, science, innovation, science, technology and innovation, research council, contribution]",Appropriation Act 2018-19 C80.pdf,23
Canada,2017,CA_RD,"Science, Technology and Innovation","Science, Technology and Innovation",CA_NRC,National Research Council of Canada,National Research Council of Canada,National Research Council of Canada,National Research Council of Canada,,792866003.0,CAD,direct_rd,Direct R&D,17.5,include,0.9,"Dedicated extractor (Canada); taxonomy_score=17.5; hits=[technology, science, innovation, science, technology and innovation, research council, contribution]",Appropriation Act 2017-18 C53.pdf,23
Canada,2002,CA_RD,"Science, Technology and Innovation","Science, Technology and Innovation",CA_NRC,National Research Council of Canada,National Research Council of Canada,National Research Council of Canada,National Research Council of Canada,,497355000.0,CAD,direct_rd,Direct R&D,17.5,include,0.9,"Dedicated extractor (Canada); taxonomy_score=17.5; hits=[technology, science, innovation, science, technology and innovation, research council, contribution]",2002 a YX2-2002-1.pdf,944
Canada,1999,CA_RD,"Science, Technology and Innovation","Science, Technology and Innovation",CA_NRC,National Research Council of Canada,National Research Council of Canada,National Research Council of Canada,National Research Council of Canada,,426243000.0,CAD,direct_rd,Direct R&D,17.5,include,0.9,"Dedicated extractor (Canada); taxonomy_score=17.5; hits=[technology, science, innovation, science, technology and innovation, research council, contribution]",1999-1.pdf,1036
Canada,2015,CA_RD,"Science, Technology and Innovation","Science, Technology and Innovation",CA_CHARS,Canadian High Arctic Research Station,Canadian High Arctic Research Station,Canadian High Arctic Research Station,Canadian High Arctic Research Station,,263077.0,CAD,direct_rd,Direct R&D,17.5,review,0.9,"Dedicated extractor (Canada); taxonomy_score=17.5; hits=[technology, science, innovation, science, technology and innovation, transfer, contribution]; low-budget anomaly: amount=263077 is 0.009× series median=29607320; needs AI verification",Appropriation Act 2015-16 C8.pdf,7
Canada,1996,CA_RD,"Science, Technology and Innovation","Science, Technology and Innovation",CA_NRC,National Research Council of Canada,National Research Council of Canada,National Research Council of Canada,National Research Council of Canada,,12494309.0,CAD,direct_rd,Direct R&D,16.5,review,0.68,"Dedicated extractor (Canada); taxonomy_score=16.5; hits=[technology, science, innovation, science, technology and innovation, research council, transfer]; low-budget anomaly: amount=12494309 is 0.022× series median=557918053; needs AI verification",1996-1.pdf,44
Canada,1994,CA_RD,"Science, Technology and Innovation","Science, Technology and Innovation",CA_NRC,National Research Council of Canada,National Research Council of Canada,National Research Council of Canada,National Research Council of Canada,,1392999.0,CAD,direct_rd,Direct R&D,16.5,review,0.68,"Dedicated extractor (Canada); taxonomy_score=16.5; hits=[technology, science, innovation, science, technology and innovation, science and technology, research council]; low-budget anomaly: amount=1392999 is 0.002× series median=557918053; needs AI verification",1994-1.pdf,54
Canada,1993,CA_RD,"Science, Technology and Innovation","Science, Technology and Innovation",CA_NRC,National Research Council of Canada,National Research Council of Canada,National Research Council of Canada,National Research Council of Canada,,857999.0,CAD,direct_rd,Direct R&D,16.5,review,0.68,"Dedicated extractor (Canada); taxonomy_score=16.5; hits=[technology, science, innovation, science, technology and innovation, science and technology, research council]; low-budget anomaly: amount=857999 is 0.002× series median=557918053; needs AI verification",1993-1.pdf,106
Canada,1994,CA_RD,"Science, Technology and Innovation","Science, Technology and Innovation",CA_NSERC,Natural Sciences and Engineering Research Council,Natural Sciences and Engineering Research Council,Natural Sciences and Engineering Research Council,Natural Sciences and Engineering Research Council,,492999.0,CAD,direct_rd,Direct R&D,16.5,review,0.68,"Dedicated extractor (Canada); taxonomy_score=16.5; hits=[technology, science, innovation, science, technology and innovation, science and technology, research council]; low-budget anomaly: amount=492999 is 0.001× series median=895452000; needs AI verification",1994-1.pdf,54
Canada,2019,CA_RD,"Science, Technology and Innovation","Science, Technology and Innovation",CA_SSHRC,Social Sciences and Humanities Research Council,Social Sciences and Humanities Research Council,Social Sciences and Humanities Research Council,Social Sciences and Humanities Research Council,,926674064.0,CAD,direct_rd,Direct R&D,15.5,include,0.9,"Dedicated extractor (Canada); taxonomy_score=15.5; hits=[technology, science, innovation, science, technology and innovation, research council, grants]",Appropriation Act 2019-20 C102.pdf,46
Canada,2016,CA_RD,"Science, Technology and Innovation","Science, Technology and Innovation",CA_NRC,National Research Council of Canada,National Research Council of Canada,National Research Council of Canada,National Research Council of Canada,,829365336.0,CAD,direct_rd,Direct R&D,15.5,include,0.9,"Dedicated extractor (Canada); taxonomy_score=15.5; hits=[technology, science, innovation, science, technology and innovation, research council, grants]",Appropriation Act 2016-17 C19.pdf,17
Canada,2018,CA_RD,"Science, Technology and Innovation","Science, Technology and Innovation",CA_CHARS,Canadian High Arctic Research Station,Canadian High Arctic Research Station,Canadian High Arctic Research Station,Canadian High Arctic Research Station,,28089505.0,CAD,direct_rd,Direct R&D,15.5,include,0.9,"Dedicated extractor (Canada); taxonomy_score=15.5; hits=[technology, science, innovation, science, technology and innovation, contribution, grants]",Appropriation Act 2018-19 C80.pdf,6
Canada,2017,CA_RD,"Science, Technology and Innovation","Science, Technology and Innovation",CA_CHARS,Canadian High Arctic Research Station,Canadian High Arctic Research Station,Canadian High Arctic Research Station,Canadian High Arctic Research Station,,20963206.0,CAD,direct_rd,Direct R&D,15.5,include,0.9,"Dedicated extractor (Canada); taxonomy_score=15.5; hits=[technology, science, innovation, science, technology and innovation, contribution, grants]",Appropriation Act 2017-18 C53.pdf,7
Canada,2024,CA_RD,"Science, Technology and Innovation","Science, Technology and Innovation",CA_NSERC,Natural Sciences and Engineering Research Council,Natural Sciences and Engineering Research Council,Natural Sciences and Engineering Research Council,Natural Sciences and Engineering Research Council,,1376768921.0,CAD,direct_rd,Direct R&D,14.5,include,0.9,"Dedicated extractor (Canada); taxonomy_score=14.5; hits=[technology, science, innovation, science, technology and innovation, research council, grants]",Appropriation Act 2024-25 C74.pdf,24
Canada,2021,CA_RD,"Science, Technology and Innovation","Science, Technology and Innovation",CA_NSERC,Natural Sciences and Engineering Research Council,Natural Sciences and Engineering Research Council,Natural Sciences and Engineering Research Council,Natural Sciences and Engineering Research Council,,1374454943.0,CAD,direct_rd,Direct R&D,14.5,include,0.9,"Dedicated extractor (Canada); taxonomy_score=14.5; hits=[technology, science, innovation, science, technology and innovation, research council, grants]",Appropriation Act 2021-22 C33.pdf,24
Canada,2020,CA_RD,"Science, Technology and Innovation","Science, Technology and Innovation",CA_NSERC,Natural Sciences and Engineering Research Council,Natural Sciences and Engineering Research Council,Natural Sciences and Engineering Research Council,Natural Sciences and Engineering Research Council,,1359383556.0,CAD,direct_rd,Direct R&D,14.5,include,0.9,"Dedicated extractor (Canada); taxonomy_score=14.5; hits=[technology, science, innovation, science, technology and innovation, research council, grants]",Appropriation Act 2020-21 C16.pdf,24
Canada,2019,CA_RD,"Science, Technology and Innovation","Science, Technology and Innovation",CA_NSERC,Natural Sciences and Engineering Research Council,Natural Sciences and Engineering Research Council,Natural Sciences and Engineering Research Council,Natural Sciences and Engineering Research Council,,1356834988.0,CAD,direct_rd,Direct R&D,14.5,include,0.9,"Dedicated extractor (Canada); taxonomy_score=14.5; hits=[technology, science, innovation, science, technology and innovation, research council, grants]",Appropriation Act 2019-20 C102.pdf,40
Canada,2022,CA_RD,"Science, Technology and Innovation","Science, Technology and Innovation",CA_NSERC,Natural Sciences and Engineering Research Council,Natural Sciences and Engineering Research Council,Natural Sciences and Engineering Research Council,Natural Sciences and Engineering Research Council,,1349719941.0,CAD,direct_rd,Direct R&D,14.5,include,0.9,"Dedicated extractor (Canada); taxonomy_score=14.5; hits=[technology, science, innovation, science, technology and innovation, research council, grants]",Appropriation Act 2022-23 C24.pdf,25
Canada,2023,CA_RD,"Science, Technology and Innovation","Science, Technology and Innovation",CA_NSERC,Natural Sciences and Engineering Research Council,Natural Sciences and Engineering Research Council,Natural Sciences and Engineering Research Council,Natural Sciences and Engineering Research Council,,1311429835.0,CAD,direct_rd,Direct R&D,14.5,include,0.9,"Dedicated extractor (Canada); taxonomy_score=14.5; hits=[technology, science, innovation, science, technology and innovation, research council, grants]",Appropriation Act 2023-24 C54.pdf,24
Canada,2018,CA_RD,"Science, Technology and Innovation","Science, Technology and Innovation",CA_NSERC,Natural Sciences and Engineering Research Council,Natural Sciences and Engineering Research Council,Natural Sciences and Engineering Research Council,Natural Sciences and Engineering Research Council,,1249030128.0,CAD,direct_rd,Direct R&D,14.5,include,0.9,"Dedicated extractor (Canada); taxonomy_score=14.5; hits=[technology, science, innovation, science, technology and innovation, research council, grants]",Appropriation Act 2018-19 C80.pdf,23
Canada,2017,CA_RD,"Science, Technology and Innovation","Science, Technology and Innovation",CA_NSERC,Natural Sciences and Engineering Research Council,Natural Sciences and Engineering Research Council,Natural Sciences and Engineering Research Council,Natural Sciences and Engineering Research Council,,1201664478.0,CAD,direct_rd,Direct R&D,14.5,include,0.9,"Dedicated extractor (Canada); taxonomy_score=14.5; hits=[technology, science, innovation, science, technology and innovation, research council, grants]",Appropriation Act 2017-18 C53.pdf,23
Canada,2024,CA_RD,"Science, Technology and Innovation","Science, Technology and Innovation",CA_SSHRC,Social Sciences and Humanities Research Council,Social Sciences and Humanities Research Council,Social Sciences and Humanities Research Council,Social Sciences and Humanities Research Council,,1193127536.0,CAD,direct_rd,Direct R&D,14.5,include,0.9,"Dedicated extractor (Canada); taxonomy_score=14.5; hits=[technology, science, innovation, science, technology and innovation, research council, grants]",Appropriation Act 2024-25 C74.pdf,29
Canada,2023,CA_RD,"Science, Technology and Innovation","Science, Technology and Innovation",CA_SSHRC,Social Sciences and Humanities Research Council,Social Sciences and Humanities Research Council,Social Sciences and Humanities Research Council,Social Sciences and Humanities Research Council,,1150253297.0,CAD,direct_rd,Direct R&D,14.5,include,0.9,"Dedicated extractor (Canada); taxonomy_score=14.5; hits=[technology, science, innovation, science, technology and innovation, research council, grants]",Appropriation Act 2023-24 C54.pdf,29
Canada,2016,CA_RD,"Science, Technology and Innovation","Science, Technology and Innovation",CA_NSERC,Natural Sciences and Engineering Research Council,Natural Sciences and Engineering Research Council,Natural Sciences and Engineering Research Council,Natural Sciences and Engineering Research Council,,1114666576.0,CAD,direct_rd,Direct R&D,14.5,include,0.9,"Dedicated extractor (Canada); taxonomy_score=14.5; hits=[technology, science, innovation, science, technology and innovation, research council, grants]",Appropriation Act 2016-17 C19.pdf,18
Canada,2022,CA_RD,"Science, Technology and Innovation","Science, Technology and Innovation",CA_SSHRC,Social Sciences and Humanities Research Council,Social Sciences and Humanities Research Council,Social Sciences and Humanities Research Council,Social Sciences and Humanities Research Council,,1069175755.0,CAD,direct_rd,Direct R&D,14.5,include,0.9,"Dedicated extractor (Canada); taxonomy_score=14.5; hits=[technology, science, innovation, science, technology and innovation, research council, grants]",Appropriation Act 2022-23 C24.pdf,30
Canada,2012,CA_RD,"Science, Technology and Innovation","Science, Technology and Innovation",CA_NSERC,Natural Sciences and Engineering Research Council,Natural Sciences and Engineering Research Council,Natural Sciences and Engineering Research Council,Natural Sciences and Engineering Research Council,,1041275160.0,CAD,direct_rd,Direct R&D,14.5,include,0.9,"Dedicated extractor (Canada); taxonomy_score=14.5; hits=[technology, science, innovation, science, technology and innovation, research council, grants]",Appropriation Act 2012-13 C40.pdf,42
Canada,2013,CA_RD,"Science, Technology and Innovation","Science, Technology and Innovation",CA_NSERC,Natural Sciences and Engineering Research Council,Natural Sciences and Engineering Research Council,Natural Sciences and Engineering Research Council,Natural Sciences and Engineering Research Council,,1039938385.0,CAD,direct_rd,Direct R&D,14.5,include,0.9,"Dedicated extractor (Canada); taxonomy_score=14.5; hits=[technology, science, innovation, science, technology and innovation, research council, grants]",Appropriation Act 2013-14 C63.pdf,42
Canada,2021,CA_RD,"Science, Technology and Innovation","Science, Technology and Innovation",CA_SSHRC,Social Sciences and Humanities Research Council,Social Sciences and Humanities Research Council,Social Sciences and Humanities Research Council,Social Sciences and Humanities Research Council,,1001683443.0,CAD,direct_rd,Direct R&D,14.5,include,0.9,"Dedicated extractor (Canada); taxonomy_score=14.5; hits=[technology, science, innovation, science, technology and innovation, research council, grants]",Appropriation Act 2021-22 C33.pdf,29
Canada,2020,CA_RD,"Science, Technology and Innovation","Science, Technology and Innovation",CA_SSHRC,Social Sciences and Humanities Research Council,Social Sciences and Humanities Research Council,Social Sciences and Humanities Research Council,Social Sciences and Humanities Research Council,,973220685.0,CAD,direct_rd,Direct R&D,14.5,include,0.9,"Dedicated extractor (Canada); taxonomy_score=14.5; hits=[technology, science, innovation, science, technology and innovation, research council, grants]",Appropriation Act 2020-21 C16.pdf,29
Canada,2009,CA_RD,"Science, Technology and Innovation","Science, Technology and Innovation",CA_NSERC,Natural Sciences and Engineering Research Council,Natural Sciences and Engineering Research Council,Natural Sciences and Engineering Research Council,Natural Sciences and Engineering Research Council,,964298819.0,CAD,direct_rd,Direct R&D,14.5,include,0.9,"Dedicated extractor (Canada); taxonomy_score=14.5; hits=[technology, science, innovation, science, technology and innovation, research council, grants]",Appropriation Act 2009-10 C48.pdf,35
Canada,2007,CA_RD,"Science, Technology and Innovation","Science, Technology and Innovation",CA_NSERC,Natural Sciences and Engineering Research Council,Natural Sciences and Engineering Research Council,Natural Sciences and Engineering Research Council,Natural Sciences and Engineering Research Council,,895452000.0,CAD,direct_rd,Direct R&D,14.5,include,0.9,"Dedicated extractor (Canada); taxonomy_score=14.5; hits=[technology, science, innovation, science, technology and innovation, research council, grants]",Appropriation Act 2007-08 C60 Project.pdf,19
Canada,2006,CA_RD,"Science, Technology and Innovation","Science, Technology and Innovation",CA_NSERC,Natural Sciences and Engineering Research Council,Natural Sciences and Engineering Research Council,Natural Sciences and Engineering Research Council,Natural Sciences and Engineering Research Council,,881167000.0,CAD,direct_rd,Direct R&D,14.5,include,0.9,"Dedicated extractor (Canada); taxonomy_score=14.5; hits=[technology, science, innovation, science, technology and innovation, research council, grants]",Appropriation Act 2006-07 C38.pdf,52
Canada,2018,CA_RD,"Science, Technology and Innovation","Science, Technology and Innovation",CA_SSHRC,Social Sciences and Humanities Research Council,Social Sciences and Humanities Research Council,Social Sciences and Humanities Research Council,Social Sciences and Humanities Research Council,,783119224.0,CAD,direct_rd,Direct R&D,14.5,include,0.9,"Dedicated extractor (Canada); taxonomy_score=14.5; hits=[technology, science, innovation, science, technology and innovation, research council, grants]",Appropriation Act 2018-19 C80.pdf,28
Canada,2017,CA_RD,"Science, Technology and Innovation","Science, Technology and Innovation",CA_SSHRC,Social Sciences and Humanities Research Council,Social Sciences and Humanities Research Council,Social Sciences and Humanities Research Council,Social Sciences and Humanities Research Council,,776582953.0,CAD,direct_rd,Direct R&D,14.5,include,0.9,"Dedicated extractor (Canada); taxonomy_score=14.5; hits=[technology, science, innovation, science, technology and innovation, research council, grants]",Appropriation Act 2017-18 C53.pdf,27
Canada,2016,CA_RD,"Science, Technology and Innovation","Science, Technology and Innovation",CA_SSHRC,Social Sciences and Humanities Research Council,Social Sciences and Humanities Research Council,Social Sciences and Humanities Research Council,Social Sciences and Humanities Research Council,,717201889.0,CAD,direct_rd,Direct R&D,14.5,include,0.9,"Dedicated extractor (Canada); taxonomy_score=14.5; hits=[technology, science, innovation, science, technology and innovation, research council, grants]",Appropriation Act 2016-17 C19.pdf,21
Canada,2003,CA_RD,"Science, Technology and Innovation","Science, Technology and Innovation",CA_NSERC,Natural Sciences and Engineering Research Council,Natural Sciences and Engineering Research Council,Natural Sciences and Engineering Research Council,Natural Sciences and Engineering Research Council,,704727000.0,CAD,direct_rd,Direct R&D,14.5,include,0.9,"Dedicated extractor (Canada); taxonomy_score=14.5; hits=[technology, science, innovation, science, technology and innovation, research council, grants]",Appropriation Act 2003-04 C47 Project.pdf,18
Canada,2013,CA_RD,"Science, Technology and Innovation","Science, Technology and Innovation",CA_SSHRC,Social Sciences and Humanities Research Council,Social Sciences and Humanities Research Council,Social Sciences and Humanities Research Council,Social Sciences and Humanities Research Council,,680139850.0,CAD,direct_rd,Direct R&D,14.5,include,0.9,"Dedicated extractor (Canada); taxonomy_score=14.5; hits=[technology, science, innovation, science, technology and innovation, research council, grants]",Appropriation Act 2013-14 C63.pdf,42
Canada,2010,CA_RD,"Science, Technology and Innovation","Science, Technology and Innovation",CA_SSHRC,Social Sciences and Humanities Research Council,Social Sciences and Humanities Research Council,Social Sciences and Humanities Research Council,Social Sciences and Humanities Research Council,,672416613.0,CAD,direct_rd,Direct R&D,14.5,include,0.9,"Dedicated extractor (Canada); taxonomy_score=14.5; hits=[technology, science, innovation, science, technology and innovation, research council, grants]",Appropriation Act 2010-11 C44.pdf,40
Canada,2009,CA_RD,"Science, Technology and Innovation","Science, Technology and Innovation",CA_SSHRC,Social Sciences and Humanities Research Council,Social Sciences and Humanities Research Council,Social Sciences and Humanities Research Council,Social Sciences and Humanities Research Council,,650218294.0,CAD,direct_rd,Direct R&D,14.5,include,0.9,"Dedicated extractor (Canada); taxonomy_score=14.5; hits=[technology, science, innovation, science, technology and innovation, research council, grants]",Appropriation Act 2009-10 C48.pdf,35
Canada,2007,CA_RD,"Science, Technology and Innovation","Science, Technology and Innovation",CA_SSHRC,Social Sciences and Humanities Research Council,Social Sciences and Humanities Research Council,Social Sciences and Humanities Research Council,Social Sciences and Humanities Research Council,,616977000.0,CAD,direct_rd,Direct R&D,14.5,include,0.9,"Dedicated extractor (Canada); taxonomy_score=14.5; hits=[technology, science, innovation, science, technology and innovation, research council, grants]",Appropriation Act 2007-08 C60 Project.pdf,19
Canada,2001,CA_RD,"Science, Technology and Innovation","Science, Technology and Innovation",CA_NSERC,Natural Sciences and Engineering Research Council,Natural Sciences and Engineering Research Council,Natural Sciences and Engineering Research Council,Natural Sciences and Engineering Research Council,,604286000.0,CAD,direct_rd,Direct R&D,14.5,include,0.9,"Dedicated extractor (Canada); taxonomy_score=14.5; hits=[technology, science, innovation, science, technology and innovation, research council, grants]",2001 2 YX2-2001-2.pdf,902
Canada,2006,CA_RD,"Science, Technology and Innovation","Science, Technology and Innovation",CA_SSHRC,Social Sciences and Humanities Research Council,Social Sciences and Humanities Research Council,Social Sciences and Humanities Research Council,Social Sciences and Humanities Research Council,,579061000.0,CAD,direct_rd,Direct R&D,14.5,include,0.9,"Dedicated extractor (Canada); taxonomy_score=14.5; hits=[technology, science, innovation, science, technology and innovation, research council, grants]",Appropriation Act 2006-07 C38.pdf,52
Canada,2000,CA_RD,"Science, Technology and Innovation","Science, Technology and Innovation",CA_NSERC,Natural Sciences and Engineering Research Council,Natural Sciences and Engineering Research Council,Natural Sciences and Engineering Research Council,Natural Sciences and Engineering Research Council,,547359000.0,CAD,direct_rd,Direct R&D,14.5,include,0.9,"Dedicated extractor (Canada); taxonomy_score=14.5; hits=[technology, science, innovation, science, technology and innovation, research council, grants]",2000 1 YX2-2000-1.pdf,1066
Canada,1995,CA_RD,"Science, Technology and Innovation","Science, Technology and Innovation",CA_SSHRC,Social Sciences and Humanities Research Council,Social Sciences and Humanities Research Council,Social Sciences and Humanities Research Council,Social Sciences and Humanities Research Council,,448364000.0,CAD,direct_rd,Direct R&D,14.5,include,0.68,"Dedicated extractor (Canada); taxonomy_score=14.5; hits=[technology, science, innovation, science, technology and innovation, research council, grants]",1995-1.pdf,396
Canada,1997,CA_RD,"Science, Technology and Innovation","Science, Technology and Innovation",CA_NSERC,Natural Sciences and Engineering Research Council,Natural Sciences and Engineering Research Council,Natural Sciences and Engineering Research Council,Natural Sciences and Engineering Research Council,,432369000.0,CAD,direct_rd,Direct R&D,14.5,include,0.9,"Dedicated extractor (Canada); taxonomy_score=14.5; hits=[technology, science, innovation, science, technology and innovation, research council, grants]",1997-2.pdf,716
Canada,1998,CA_RD,"Science, Technology and Innovation","Science, Technology and Innovation",CA_SSHRC,Social Sciences and Humanities Research Council,Social Sciences and Humanities Research Council,Social Sciences and Humanities Research Council,Social Sciences and Humanities Research Council,,420782000.0,CAD,direct_rd,Direct R&D,14.5,include,0.9,"Dedicated extractor (Canada); taxonomy_score=14.5; hits=[technology, science, innovation, science, technology and innovation, research council, grants]",1998-1.pdf,1534
Canada,1989,CA_RD,"Science, Technology and Innovation","Science, Technology and Innovation",CA_SSHRC,Social Sciences and Humanities Research Council,Social Sciences and Humanities Research Council,Social Sciences and Humanities Research Council,Social Sciences and Humanities Research Council,,372127500.0,CAD,direct_rd,Direct R&D,14.5,include,0.68,"Dedicated extractor (Canada); taxonomy_score=14.5; hits=[technology, science, innovation, science, technology and innovation, research council, grants]",1989-1.pdf,274
Canada,1988,CA_RD,"Science, Technology and Innovation","Science, Technology and Innovation",CA_SSHRC,Social Sciences and Humanities Research Council,Social Sciences and Humanities Research Council,Social Sciences and Humanities Research Council,Social Sciences and Humanities Research Council,,364385500.0,CAD,direct_rd,Direct R&D,14.5,include,0.68,"Dedicated extractor (Canada); taxonomy_score=14.5; hits=[technology, science, innovation, science, technology and innovation, research council, grants]",1988-1.pdf,586
Canada,1988,CA_RD,"Science, Technology and Innovation","Science, Technology and Innovation",CA_NSERC,Natural Sciences and Engineering Research Council,Natural Sciences and Engineering Research Council,Natural Sciences and Engineering Research Council,Natural Sciences and Engineering Research Council,,353553000.0,CAD,direct_rd,Direct R&D,14.5,include,0.68,"Dedicated extractor (Canada); taxonomy_score=14.5; hits=[technology, science, innovation, science, technology and innovation, research council, grants]",1988-1.pdf,584
Canada,2003,CA_RD,"Science, Technology and Innovation","Science, Technology and Innovation",CA_SSHRC,Social Sciences and Humanities Research Council,Social Sciences and Humanities Research Council,Social Sciences and Humanities Research Council,Social Sciences and Humanities Research Council,,248501000.0,CAD,direct_rd,Direct R&D,14.5,include,0.9,"Dedicated extractor (Canada); taxonomy_score=14.5; hits=[technology, science, innovation, science, technology and innovation, research council, grants]",Appropriation Act 2003-04 C55 Project.pdf,9
Canada,2002,CA_RD,"Science, Technology and Innovation","Science, Technology and Innovation",CA_SSHRC,Social Sciences and Humanities Research Council,Social Sciences and Humanities Research Council,Social Sciences and Humanities Research Council,Social Sciences and Humanities Research Council,,200600000.0,CAD,direct_rd,Direct R&D,14.5,include,0.9,"Dedicated extractor (Canada); taxonomy_score=14.5; hits=[technology, science, innovation, science, technology and innovation, research council, grants]",2002 a YX2-2002-1.pdf,232
Canada,1993,CA_RD,"Science, Technology and Innovation","Science, Technology and Innovation",CA_SSHRC,Social Sciences and Humanities Research Council,Social Sciences and Humanities Research Council,Social Sciences and Humanities Research Council,Social Sciences and Humanities Research Council,,100919000.0,CAD,direct_rd,Direct R&D,14.5,include,0.9,"Dedicated extractor (Canada); taxonomy_score=14.5; hits=[technology, science, innovation, science, technology and innovation, research council, grants]",1993-2.pdf,444
Canada,1997,CA_RD,"Science, Technology and Innovation","Science, Technology and Innovation",CA_SSHRC,Social Sciences and Humanities Research Council,Social Sciences and Humanities Research Council,Social Sciences and Humanities Research Council,Social Sciences and Humanities Research Council,,93664000.0,CAD,direct_rd,Direct R&D,14.5,include,0.9,"Dedicated extractor (Canada); taxonomy_score=14.5; hits=[technology, science, innovation, science, technology and innovation, research council, grants]",1997-2.pdf,716
Canada,1991,CA_RD,"Science, Technology and Innovation","Science, Technology and Innovation",CA_NSERC,Natural Sciences and Engineering Research Council,Natural Sciences and Engineering Research Council,Natural Sciences and Engineering Research Council,Natural Sciences and Engineering Research Council,,40246000.0,CAD,direct_rd,Direct R&D,14.5,review,0.68,"Dedicated extractor (Canada); taxonomy_score=14.5; hits=[technology, science, innovation, science, technology and innovation, research council, grants]; low-budget anomaly: amount=40246000 is 0.045× series median=895452000; needs AI verification",1991-1.pdf,62
Canada,2024,CA_RD,"Science, Technology and Innovation","Science, Technology and Innovation",CA_CHARS,Canadian High Arctic Research Station,Canadian High Arctic Research Station,Canadian High Arctic Research Station,Canadian High Arctic Research Station,,33006666.0,CAD,direct_rd,Direct R&D,14.5,include,0.9,"Dedicated extractor (Canada); taxonomy_score=14.5; hits=[technology, science, innovation, science, technology and innovation, contribution, grants]",Appropriation Act 2024-25 C74.pdf,8
Canada,2019,CA_RD,"Science, Technology and Innovation","Science, Technology and Innovation",CA_CHARS,Canadian High Arctic Research Station,Canadian High Arctic Research Station,Canadian High Arctic Research Station,Canadian High Arctic Research Station,,31704049.0,CAD,direct_rd,Direct R&D,14.5,include,0.9,"Dedicated extractor (Canada); taxonomy_score=14.5; hits=[technology, science, innovation, science, technology and innovation, contribution, grants]",Appropriation Act 2019-20 C96.pdf,7
Canada,2023,CA_RD,"Science, Technology and Innovation","Science, Technology and Innovation",CA_CHARS,Canadian High Arctic Research Station,Canadian High Arctic Research Station,Canadian High Arctic Research Station,Canadian High Arctic Research Station,,29961393.0,CAD,direct_rd,Direct R&D,14.5,include,0.9,"Dedicated extractor (Canada); taxonomy_score=14.5; hits=[technology, science, innovation, science, technology and innovation, contribution, grants]",Appropriation Act 2023-24 C54.pdf,8
Canada,2022,CA_RD,"Science, Technology and Innovation","Science, Technology and Innovation",CA_CHARS,Canadian High Arctic Research Station,Canadian High Arctic Research Station,Canadian High Arctic Research Station,Canadian High Arctic Research Station,,29886748.0,CAD,direct_rd,Direct R&D,14.5,include,0.9,"Dedicated extractor (Canada); taxonomy_score=14.5; hits=[technology, science, innovation, science, technology and innovation, contribution, grants]",Appropriation Act 2022-23 C24.pdf,8
Canada,2016,CA_RD,"Science, Technology and Innovation","Science, Technology and Innovation",CA_CHARS,Canadian High Arctic Research Station,Canadian High Arctic Research Station,Canadian High Arctic Research Station,Canadian High Arctic Research Station,,18853197.0,CAD,direct_rd,Direct R&D,14.5,include,0.9,"Dedicated extractor (Canada); taxonomy_score=14.5; hits=[technology, science, innovation, science, technology and innovation, contribution, grants]",Appropriation Act 2016-17 C19.pdf,8
Canada,1990,CA_RD,"Science, Technology and Innovation","Science, Technology and Innovation",CA_NSERC,Natural Sciences and Engineering Research Council,Natural Sciences and Engineering Research Council,Natural Sciences and Engineering Research Council,Natural Sciences and Engineering Research Council,,14476200.0,CAD,direct_rd,Direct R&D,14.5,review,0.68,"Dedicated extractor (Canada); taxonomy_score=14.5; hits=[technology, science, innovation, science, technology and innovation, research council, grants]; low-budget anomaly: amount=14476200 is 0.016× series median=895452000; needs AI verification",1990-1.pdf,188
Canada,2000,CA_RD,"Science, Technology and Innovation","Science, Technology and Innovation",CA_NRC,National Research Council of Canada,National Research Council of Canada,National Research Council of Canada,National Research Council of Canada,,3387637.0,CAD,direct_rd,Direct R&D,14.5,review,0.9,"Dedicated extractor (Canada); taxonomy_score=14.5; hits=[technology, science, innovation, science, technology and innovation, research council, transfer]; low-budget anomaly: amount=3387637 is 0.006× series median=557918053; needs AI verification",2000 1 YX2-2000-1.pdf,46
Canada,1996,CA_RD,"Science, Technology and Innovation","Science, Technology and Innovation",CA_SSHRC,Social Sciences and Humanities Research Council,Social Sciences and Humanities Research Council,Social Sciences and Humanities Research Council,Social Sciences and Humanities Research Council,,180000.0,CAD,direct_rd,Direct R&D,14.5,review,0.68,"Dedicated extractor (Canada); taxonomy_score=14.5; hits=[technology, science, innovation, science, technology and innovation, research council, grants]; low-budget anomaly: amount=180000 is 0.000× series median=643345000; needs AI verification",1996-1.pdf,44
Canada,1989,CA_RD,"Science, Technology and Innovation","Science, Technology and Innovation",CA_SCITECH_MINISTRY,Ministry of State for Science and Technology,Ministry of State for Science and Technology,Ministry of State for Science and Technology,Ministry of State for Science and Technology,,12340000.0,CAD,direct_rd,Direct R&D,14.0,include,0.68,"Dedicated extractor (Canada); taxonomy_score=14.0; hits=[technology, science, innovation, science, technology and innovation, science and technology, grants]",1989-1.pdf,314
Canada,2019,CA_RD,"Science, Technology and Innovation","Science, Technology and Innovation",CA_CIHR,Canadian Institutes of Health Research,Canadian Institutes of Health Research,Canadian Institutes of Health Research,Canadian Institutes of Health Research,,1171816551.0,CAD,direct_rd,Direct R&D,13.5,include,0.9,"Dedicated extractor (Canada); taxonomy_score=13.5; hits=[technology, science, innovation, science, technology and innovation, grants, expenditure]",Appropriation Act 2019-20 C102.pdf,10
Canada,2013,CA_RD,"Science, Technology and Innovation","Science, Technology and Innovation",CA_NRC,National Research Council of Canada,National Research Council of Canada,National Research Council of Canada,National Research Council of Canada,,637771197.0,CAD,direct_rd,Direct R&D,13.5,include,0.9,"Dedicated extractor (Canada); taxonomy_score=13.5; hits=[technology, science, innovation, science, technology and innovation, research council, expenditure]",Appropriation Act 2013-14 C63.pdf,42
Canada,2009,CA_RD,"Science, Technology and Innovation","Science, Technology and Innovation",CA_NRC,National Research Council of Canada,National Research Council of Canada,National Research Council of Canada,National Research Council of Canada,,580403485.0,CAD,direct_rd,Direct R&D,13.5,include,0.9,"Dedicated extractor (Canada); taxonomy_score=13.5; hits=[technology, science, innovation, science, technology and innovation, research council, expenditure]",Appropriation Act 2009-10 C48.pdf,35
Canada,2006,CA_RD,"Science, Technology and Innovation","Science, Technology and Innovation",CA_NRC,National Research Council of Canada,National Research Council of Canada,National Research Council of Canada,National Research Council of Canada,,570794000.0,CAD,direct_rd,Direct R&D,13.5,include,0.9,"Dedicated extractor (Canada); taxonomy_score=13.5; hits=[technology, science, innovation, science, technology and innovation, research council, expenditure]",Appropriation Act 2006-07 C38.pdf,50
Canada,2011,CA_RD,"Science, Technology and Innovation","Science, Technology and Innovation",CA_NRC,National Research Council of Canada,National Research Council of Canada,National Research Council of Canada,National Research Council of Canada,,564882106.0,CAD,direct_rd,Direct R&D,13.5,include,0.9,"Dedicated extractor (Canada); taxonomy_score=13.5; hits=[technology, science, innovation, science, technology and innovation, research council, expenditure]",Appropriation Act 2011-12 C8.pdf,52
Canada,2007,CA_RD,"Science, Technology and Innovation","Science, Technology and Innovation",CA_NRC,National Research Council of Canada,National Research Council of Canada,National Research Council of Canada,National Research Council of Canada,,550954000.0,CAD,direct_rd,Direct R&D,13.5,include,0.9,"Dedicated extractor (Canada); taxonomy_score=13.5; hits=[technology, science, innovation, science, technology and innovation, research council, expenditure]",Appropriation Act 2007-08 C60 Project.pdf,19
Canada,2003,CA_RD,"Science, Technology and Innovation","Science, Technology and Innovation",CA_NRC,National Research Council of Canada,National Research Council of Canada,National Research Council of Canada,National Research Council of Canada,,531813000.0,CAD,direct_rd,Direct R&D,13.5,include,0.9,"Dedicated extractor (Canada); taxonomy_score=13.5; hits=[technology, science, innovation, science, technology and innovation, research council, expenditure]",Appropriation Act 2003-04 C47 Project.pdf,18
Canada,2012,CA_RD,"Science, Technology and Innovation","Science, Technology and Innovation",CA_NRC,National Research Council of Canada,National Research Council of Canada,National Research Council of Canada,National Research Council of Canada,,527997794.0,CAD,direct_rd,Direct R&D,13.5,include,0.9,"Dedicated extractor (Canada); taxonomy_score=13.5; hits=[technology, science, innovation, science, technology and innovation, research council, expenditure]",Appropriation Act 2012-13 C40.pdf,42
Canada,2020,CA_RD,"Science, Technology and Innovation","Science, Technology and Innovation",CA_CHARS,Canadian High Arctic Research Station,Canadian High Arctic Research Station,Canadian High Arctic Research Station,Canadian High Arctic Research Station,,29453623.0,CAD,direct_rd,Direct R&D,13.5,include,0.9,"Dedicated extractor (Canada); taxonomy_score=13.5; hits=[technology, science, innovation, science, technology and innovation, grants, expenditure]",Appropriation Act 2020-21 C16.pdf,7
Canada,2024,CA_RD,"Science, Technology and Innovation","Science, Technology and Innovation",CA_CIHR,Canadian Institutes of Health Research,Canadian Institutes of Health Research,Canadian Institutes of Health Research,Canadian Institutes of Health Research,,1360751131.0,CAD,direct_rd,Direct R&D,12.5,include,0.9,"Dedicated extractor (Canada); taxonomy_score=12.5; hits=[technology, science, innovation, science, technology and innovation, grants, expenditure]",Appropriation Act 2024-25 C74.pdf,8
Canada,2023,CA_RD,"Science, Technology and Innovation","Science, Technology and Innovation",CA_CIHR,Canadian Institutes of Health Research,Canadian Institutes of Health Research,Canadian Institutes of Health Research,Canadian Institutes of Health Research,,1342775077.0,CAD,direct_rd,Direct R&D,12.5,include,0.9,"Dedicated extractor (Canada); taxonomy_score=12.5; hits=[technology, science, innovation, science, technology and innovation, grants, expenditure]",Appropriation Act 2023-24 C54.pdf,8
Canada,2021,CA_RD,"Science, Technology and Innovation","Science, Technology and Innovation",CA_CIHR,Canadian Institutes of Health Research,Canadian Institutes of Health Research,Canadian Institutes of Health Research,Canadian Institutes of Health Research,,1246700153.0,CAD,direct_rd,Direct R&D,12.5,include,0.9,"Dedicated extractor (Canada); taxonomy_score=12.5; hits=[technology, science, innovation, science, technology and innovation, grants, expenditure]",Appropriation Act 2021-22 C33.pdf,8
Canada,2022,CA_RD,"Science, Technology and Innovation","Science, Technology and Innovation",CA_CIHR,Canadian Institutes of Health Research,Canadian Institutes of Health Research,Canadian Institutes of Health Research,Canadian Institutes of Health Research,,1234751136.0,CAD,direct_rd,Direct R&D,12.5,include,0.9,"Dedicated extractor (Canada); taxonomy_score=12.5; hits=[technology, science, innovation, science, technology and innovation, grants, expenditure]",Appropriation Act 2022-23 C24.pdf,8
Canada,2020,CA_RD,"Science, Technology and Innovation","Science, Technology and Innovation",CA_CIHR,Canadian Institutes of Health Research,Canadian Institutes of Health Research,Canadian Institutes of Health Research,Canadian Institutes of Health Research,,1208199223.0,CAD,direct_rd,Direct R&D,12.5,include,0.9,"Dedicated extractor (Canada); taxonomy_score=12.5; hits=[technology, science, innovation, science, technology and innovation, grants, expenditure]",Appropriation Act 2020-21 C16.pdf,8
Canada,2018,CA_RD,"Science, Technology and Innovation","Science, Technology and Innovation",CA_CIHR,Canadian Institutes of Health Research,Canadian Institutes of Health Research,Canadian Institutes of Health Research,Canadian Institutes of Health Research,,1096766172.0,CAD,direct_rd,Direct R&D,12.5,include,0.9,"Dedicated extractor (Canada); taxonomy_score=12.5; hits=[technology, science, innovation, science, technology and innovation, grants, expenditure]",Appropriation Act 2018-19 C80.pdf,7
Canada,2017,CA_RD,"Science, Technology and Innovation","Science, Technology and Innovation",CA_CIHR,Canadian Institutes of Health Research,Canadian Institutes of Health Research,Canadian Institutes of Health Research,Canadian Institutes of Health Research,,1079782352.0,CAD,direct_rd,Direct R&D,12.5,include,0.9,"Dedicated extractor (Canada); taxonomy_score=12.5; hits=[technology, science, innovation, science, technology and innovation, grants, expenditure]",Appropriation Act 2017-18 C53.pdf,8
Canada,2011,CA_RD,"Science, Technology and Innovation","Science, Technology and Innovation",CA_NSERC,Natural Sciences and Engineering Research Council,Natural Sciences and Engineering Research Council,Natural Sciences and Engineering Research Council,Natural Sciences and Engineering Research Council,,1044810308.0,CAD,direct_rd,Direct R&D,12.5,include,0.9,"Dedicated extractor (Canada); taxonomy_score=12.5; hits=[technology, science, innovation, science, technology and innovation, research council, expenditure]",Appropriation Act 2011-12 C8.pdf,52
Canada,2016,CA_RD,"Science, Technology and Innovation","Science, Technology and Innovation",CA_CIHR,Canadian Institutes of Health Research,Canadian Institutes of Health Research,Canadian Institutes of Health Research,Canadian Institutes of Health Research,,1019647807.0,CAD,direct_rd,Direct R&D,12.5,include,0.9,"Dedicated extractor (Canada); taxonomy_score=12.5; hits=[technology, science, innovation, science, technology and innovation, grants, expenditure]",Appropriation Act 2016-17 C19.pdf,8
Canada,2015,CA_RD,"Science, Technology and Innovation","Science, Technology and Innovation",CA_CIHR,Canadian Institutes of Health Research,Canadian Institutes of Health Research,Canadian Institutes of Health Research,Canadian Institutes of Health Research,,1002750691.0,CAD,direct_rd,Direct R&D,12.5,include,0.9,"Dedicated extractor (Canada); taxonomy_score=12.5; hits=[technology, science, innovation, science, technology and innovation, grants, expenditure]",Appropriation Act 2015-16 C66.pdf,14
Canada,2014,CA_RD,"Science, Technology and Innovation","Science, Technology and Innovation",CA_CIHR,Canadian Institutes of Health Research,Canadian Institutes of Health Research,Canadian Institutes of Health Research,Canadian Institutes of Health Research,,979255820.0,CAD,direct_rd,Direct R&D,12.5,include,0.9,"Dedicated extractor (Canada); taxonomy_score=12.5; hits=[technology, science, innovation, science, technology and innovation, grants, expenditure]",Appropriation Act 2014-15 C38.pdf,14
Canada,2011,CA_RD,"Science, Technology and Innovation","Science, Technology and Innovation",CA_CIHR,Canadian Institutes of Health Research,Canadian Institutes of Health Research,Canadian Institutes of Health Research,Canadian Institutes of Health Research,,978072331.0,CAD,direct_rd,Direct R&D,12.5,include,0.9,"Dedicated extractor (Canada); taxonomy_score=12.5; hits=[technology, science, innovation, science, technology and innovation, grants, expenditure]",Appropriation Act 2011-12 C8.pdf,40
Canada,2010,CA_RD,"Science, Technology and Innovation","Science, Technology and Innovation",CA_CIHR,Canadian Institutes of Health Research,Canadian Institutes of Health Research,Canadian Institutes of Health Research,Canadian Institutes of Health Research,,975920568.0,CAD,direct_rd,Direct R&D,12.5,include,0.9,"Dedicated extractor (Canada); taxonomy_score=12.5; hits=[technology, science, innovation, science, technology and innovation, grants, expenditure]",Appropriation Act 2010-11 C44.pdf,30
Canada,2012,CA_RD,"Science, Technology and Innovation","Science, Technology and Innovation",CA_CIHR,Canadian Institutes of Health Research,Canadian Institutes of Health Research,Canadian Institutes of Health Research,Canadian Institutes of Health Research,,971325765.0,CAD,direct_rd,Direct R&D,12.5,include,0.9,"Dedicated extractor (Canada); taxonomy_score=12.5; hits=[technology, science, innovation, science, technology and innovation, grants, expenditure]",Appropriation Act 2012-13 C40.pdf,32
Canada,2013,CA_RD,"Science, Technology and Innovation","Science, Technology and Innovation",CA_CIHR,Canadian Institutes of Health Research,Canadian Institutes of Health Research,Canadian Institutes of Health Research,Canadian Institutes of Health Research,,961718230.0,CAD,direct_rd,Direct R&D,12.5,include,0.9,"Dedicated extractor (Canada); taxonomy_score=12.5; hits=[technology, science, innovation, science, technology and innovation, grants, expenditure]",Appropriation Act 2013-14 C63.pdf,32
Canada,2008,CA_RD,"Science, Technology and Innovation","Science, Technology and Innovation",CA_NSERC,Natural Sciences and Engineering Research Council,Natural Sciences and Engineering Research Council,Natural Sciences and Engineering Research Council,Natural Sciences and Engineering Research Council,,954076000.0,CAD,direct_rd,Direct R&D,12.5,include,0.9,"Dedicated extractor (Canada); taxonomy_score=12.5; hits=[technology, science, innovation, science, technology and innovation, research council, expenditure]",Appropriation Act 2008-09 C58 Project.pdf,18
Canada,2009,CA_RD,"Science, Technology and Innovation","Science, Technology and Innovation",CA_CIHR,Canadian Institutes of Health Research,Canadian Institutes of Health Research,Canadian Institutes of Health Research,Canadian Institutes of Health Research,,919926830.0,CAD,direct_rd,Direct R&D,12.5,include,0.9,"Dedicated extractor (Canada); taxonomy_score=12.5; hits=[technology, science, innovation, science, technology and innovation, grants, expenditure]",Appropriation Act 2009-10 C48.pdf,27
Canada,2007,CA_RD,"Science, Technology and Innovation","Science, Technology and Innovation",CA_CIHR,Canadian Institutes of Health Research,Canadian Institutes of Health Research,Canadian Institutes of Health Research,Canadian Institutes of Health Research,,864915000.0,CAD,direct_rd,Direct R&D,12.5,include,0.9,"Dedicated extractor (Canada); taxonomy_score=12.5; hits=[technology, science, innovation, science, technology and innovation, grants, expenditure]",Appropriation Act 2007-08 C60 Project.pdf,15
Canada,2006,CA_RD,"Science, Technology and Innovation","Science, Technology and Innovation",CA_CIHR,Canadian Institutes of Health Research,Canadian Institutes of Health Research,Canadian Institutes of Health Research,Canadian Institutes of Health Research,,828017000.0,CAD,direct_rd,Direct R&D,12.5,include,0.9,"Dedicated extractor (Canada); taxonomy_score=12.5; hits=[technology, science, innovation, science, technology and innovation, grants, expenditure]",Appropriation Act 2006-07 C38.pdf,40
Canada,2011,CA_RD,"Science, Technology and Innovation","Science, Technology and Innovation",CA_SSHRC,Social Sciences and Humanities Research Council,Social Sciences and Humanities Research Council,Social Sciences and Humanities Research Council,Social Sciences and Humanities Research Council,,674619027.0,CAD,direct_rd,Direct R&D,12.5,include,0.9,"Dedicated extractor (Canada); taxonomy_score=12.5; hits=[technology, science, innovation, science, technology and innovation, research council, expenditure]",Appropriation Act 2011-12 C8.pdf,54
Canada,2003,CA_RD,"Science, Technology and Innovation","Science, Technology and Innovation",CA_CIHR,Canadian Institutes of Health Research,Canadian Institutes of Health Research,Canadian Institutes of Health Research,Canadian Institutes of Health Research,,666002000.0,CAD,direct_rd,Direct R&D,12.5,include,0.9,"Dedicated extractor (Canada); taxonomy_score=12.5; hits=[technology, science, innovation, science, technology and innovation, grants, expenditure]",Appropriation Act 2003-04 C47 Project.pdf,14
Canada,2008,CA_RD,"Science, Technology and Innovation","Science, Technology and Innovation",CA_SSHRC,Social Sciences and Humanities Research Council,Social Sciences and Humanities Research Council,Social Sciences and Humanities Research Council,Social Sciences and Humanities Research Council,,643345000.0,CAD,direct_rd,Direct R&D,12.5,include,0.9,"Dedicated extractor (Canada); taxonomy_score=12.5; hits=[technology, science, innovation, science, technology and innovation, research council, expenditure]",Appropriation Act 2008-09 C58 Project.pdf,18
Canada,2008,CA_RD,"Science, Technology and Innovation","Science, Technology and Innovation",CA_NRC,National Research Council of Canada,National Research Council of Canada,National Research Council of Canada,National Research Council of Canada,,568803000.0,CAD,direct_rd,Direct R&D,12.5,include,0.9,"Dedicated extractor (Canada); taxonomy_score=12.5; hits=[technology, science, innovation, science, technology and innovation, research council, expenditure]",Appropriation Act 2008-09 C58 Project.pdf,18
Canada,2001,CA_RD,"Science, Technology and Innovation","Science, Technology and Innovation",CA_CIHR,Canadian Institutes of Health Research,Canadian Institutes of Health Research,Canadian Institutes of Health Research,Canadian Institutes of Health Research,,428633000.0,CAD,direct_rd,Direct R&D,12.5,include,0.9,"Dedicated extractor (Canada); taxonomy_score=12.5; hits=[technology, science, innovation, science, technology and innovation, grants, expenditure]",2001 2 YX2-2001-2.pdf,892
Canada,1990,CA_RD,"Science, Technology and Innovation","Science, Technology and Innovation",CA_NRC,National Research Council of Canada,National Research Council of Canada,National Research Council of Canada,National Research Council of Canada,,409676000.0,CAD,direct_rd,Direct R&D,12.5,include,0.68,"Dedicated extractor (Canada); taxonomy_score=12.5; hits=[technology, science, innovation, science, technology and innovation, science and technology, research council]",1990-1.pdf,523
Canada,1997,CA_RD,"Science, Technology and Innovation","Science, Technology and Innovation",CA_NRC,National Research Council of Canada,National Research Council of Canada,National Research Council of Canada,National Research Council of Canada,,397046000.0,CAD,direct_rd,Direct R&D,12.5,include,0.9,"Dedicated extractor (Canada); taxonomy_score=12.5; hits=[technology, science, innovation, science, technology and innovation, research council, contribution]",1997-2.pdf,715
Canada,1989,CA_RD,"Science, Technology and Innovation","Science, Technology and Innovation",CA_NSERC,Natural Sciences and Engineering Research Council,Natural Sciences and Engineering Research Council,Natural Sciences and Engineering Research Council,Natural Sciences and Engineering Research Council,,388810000.0,CAD,direct_rd,Direct R&D,12.5,include,0.68,"Dedicated extractor (Canada); taxonomy_score=12.5; hits=[technology, science, innovation, science, technology and innovation, research council, grants]",1989-1.pdf,260
Canada,1995,CA_RD,"Science, Technology and Innovation","Science, Technology and Innovation",CA_NRC,National Research Council of Canada,National Research Council of Canada,National Research Council of Canada,National Research Council of Canada,,388074000.0,CAD,direct_rd,Direct R&D,12.5,include,0.68,"Dedicated extractor (Canada); taxonomy_score=12.5; hits=[technology, science, innovation, science, technology and innovation, research council, contribution]",1995-1.pdf,399
Canada,2002,CA_RD,"Science, Technology and Innovation","Science, Technology and Innovation",CA_CIHR,Canadian Institutes of Health Research,Canadian Institutes of Health Research,Canadian Institutes of Health Research,Canadian Institutes of Health Research,,184698139.0,CAD,direct_rd,Direct R&D,12.5,include,0.9,"Dedicated extractor (Canada); taxonomy_score=12.5; hits=[technology, science, innovation, science, technology and innovation, grants, expenditure]",Appropriation Act 2002-03 C21 Project.pdf,10
Canada,1992,CA_RD,"Science, Technology and Innovation","Science, Technology and Innovation",CA_NRC,National Research Council of Canada,National Research Council of Canada,National Research Council of Canada,National Research Council of Canada,,128361318.0,CAD,direct_rd,Direct R&D,12.5,include,0.9,"Dedicated extractor (Canada); taxonomy_score=12.5; hits=[technology, science, innovation, science, technology and innovation, research council, contribution]",1992-2.pdf,389
Canada,2001,CA_RD,"Science, Technology and Innovation","Science, Technology and Innovation",CA_NRC,National Research Council of Canada,National Research Council of Canada,National Research Council of Canada,National Research Council of Canada,,22384200.0,CAD,direct_rd,Direct R&D,12.5,review,0.9,"Dedicated extractor (Canada); taxonomy_score=12.5; hits=[technology, science, innovation, science, technology and innovation, research council, contribution]; low-budget anomaly: amount=22384200 is 0.040× series median=557918053; needs AI verification",2001 1 YX2-2001-1.pdf,37
Canada,1998,CA_RD,"Science, Technology and Innovation","Science, Technology and Innovation",CA_NRC,National Research Council of Canada,National Research Council of Canada,National Research Council of Canada,National Research Council of Canada,,19000000.0,CAD,direct_rd,Direct R&D,12.5,review,0.9,"Dedicated extractor (Canada); taxonomy_score=12.5; hits=[technology, science, innovation, science, technology and innovation, research council, contribution]; low-budget anomaly: amount=19000000 is 0.034× series median=557918053; needs AI verification",1998-1.pdf,1567
Canada,1993,CA_RD,"Science, Technology and Innovation","Science, Technology and Innovation",CA_NSERC,Natural Sciences and Engineering Research Council,Natural Sciences and Engineering Research Council,Natural Sciences and Engineering Research Council,Natural Sciences and Engineering Research Council,,1030559.0,CAD,direct_rd,Direct R&D,12.5,review,0.68,"Dedicated extractor (Canada); taxonomy_score=12.5; hits=[technology, science, innovation, science, technology and innovation, science and technology, research council]; low-budget anomaly: amount=1030559 is 0.001× series median=895452000; needs AI verification",1993-1.pdf,109
Canada,2008,CA_RD,"Science, Technology and Innovation","Science, Technology and Innovation",CA_AECL,Atomic Energy of Canada Limited,Atomic Energy of Canada Limited,Atomic Energy of Canada Limited,Atomic Energy of Canada Limited,,300000000.0,CAD,direct_rd,Direct R&D,12.0,include,0.9,"Dedicated extractor (Canada); taxonomy_score=12.0; hits=[technology, science, innovation, science, technology and innovation, expenditure, schedule]",Appropriation Act 2008-09 C59 Project.pdf,18
Canada,2012,CA_RD,"Science, Technology and Innovation","Science, Technology and Innovation",CA_AECL,Atomic Energy of Canada Limited,Atomic Energy of Canada Limited,Atomic Energy of Canada Limited,Atomic Energy of Canada Limited,,166200000.0,CAD,direct_rd,Direct R&D,12.0,include,0.9,"Dedicated extractor (Canada); taxonomy_score=12.0; hits=[technology, science, innovation, science, technology and innovation, expenditure, schedule]",Appropriation Act 2012-13 C41.pdf,34
Canada,2008,CA_RD,"Science, Technology and Innovation","Science, Technology and Innovation",CA_CIHR,Canadian Institutes of Health Research,Canadian Institutes of Health Research,Canadian Institutes of Health Research,Canadian Institutes of Health Research,,924141000.0,CAD,direct_rd,Direct R&D,11.5,include,0.9,"Dedicated extractor (Canada); taxonomy_score=11.5; hits=[technology, science, innovation, science, technology and innovation, expenditure, grant]",Appropriation Act 2008-09 C58 Project.pdf,14
Canada,2002,CA_RD,"Science, Technology and Innovation","Science, Technology and Innovation",CA_NSERC,Natural Sciences and Engineering Research Council,Natural Sciences and Engineering Research Council,Natural Sciences and Engineering Research Council,Natural Sciences and Engineering Research Council,,638461000.0,CAD,direct_rd,Direct R&D,11.5,include,0.9,"Dedicated extractor (Canada); taxonomy_score=11.5; hits=[technology, science, innovation, science, technology and innovation, research council, annex]",2002 a YX2-2002-1.pdf,949
Canada,2021,CA_RD,"Science, Technology and Innovation","Science, Technology and Innovation",CA_CHARS,Canadian High Arctic Research Station,Canadian High Arctic Research Station,Canadian High Arctic Research Station,Canadian High Arctic Research Station,,29761017.0,CAD,direct_rd,Direct R&D,11.0,include,0.9,"Dedicated extractor (Canada); taxonomy_score=11.0; hits=[technology, science, innovation, science, technology and innovation, expenditure, annex]",Appropriation Act 2021-22 C33.pdf,7
Canada,1992,CA_RD,"Science, Technology and Innovation","Science, Technology and Innovation",CA_SSHRC,Social Sciences and Humanities Research Council,Social Sciences and Humanities Research Council,Social Sciences and Humanities Research Council,Social Sciences and Humanities Research Council,,1141731166.0,CAD,direct_rd,Direct R&D,10.5,include,0.68,"Dedicated extractor (Canada); taxonomy_score=10.5; hits=[technology, science, innovation, science, technology and innovation, research council, research(+anchor)]",1992-1.pdf,289
Canada,2015,CA_RD,"Science, Technology and Innovation","Science, Technology and Innovation",CA_NSERC,Natural Sciences and Engineering Research Council,Natural Sciences and Engineering Research Council,Natural Sciences and Engineering Research Council,Natural Sciences and Engineering Research Council,,1081371751.0,CAD,direct_rd,Direct R&D,10.5,include,0.9,"Dedicated extractor (Canada); taxonomy_score=10.5; hits=[technology, science, innovation, science, technology and innovation, research council, research(+anchor)]",Appropriation Act 2015-16 C66.pdf,33
Canada,2014,CA_RD,"Science, Technology and Innovation","Science, Technology and Innovation",CA_NSERC,Natural Sciences and Engineering Research Council,Natural Sciences and Engineering Research Council,Natural Sciences and Engineering Research Council,Natural Sciences and Engineering Research Council,,1058247715.0,CAD,direct_rd,Direct R&D,10.5,include,0.9,"Dedicated extractor (Canada); taxonomy_score=10.5; hits=[technology, science, innovation, science, technology and innovation, research council, research(+anchor)]",Appropriation Act 2014-15 C38.pdf,31
Canada,2010,CA_RD,"Science, Technology and Innovation","Science, Technology and Innovation",CA_NSERC,Natural Sciences and Engineering Research Council,Natural Sciences and Engineering Research Council,Natural Sciences and Engineering Research Council,Natural Sciences and Engineering Research Council,,1015773511.0,CAD,direct_rd,Direct R&D,10.5,include,0.9,"Dedicated extractor (Canada); taxonomy_score=10.5; hits=[technology, science, innovation, science, technology and innovation, research council, research(+anchor)]",Appropriation Act 2010-11 C44.pdf,39
Canada,2015,CA_RD,"Science, Technology and Innovation","Science, Technology and Innovation",CA_SSHRC,Social Sciences and Humanities Research Council,Social Sciences and Humanities Research Council,Social Sciences and Humanities Research Council,Social Sciences and Humanities Research Council,,714255830.0,CAD,direct_rd,Direct R&D,10.5,include,0.9,"Dedicated extractor (Canada); taxonomy_score=10.5; hits=[technology, science, innovation, science, technology and innovation, research council, research(+anchor)]",Appropriation Act 2015-16 C66.pdf,33
Canada,2014,CA_RD,"Science, Technology and Innovation","Science, Technology and Innovation",CA_SSHRC,Social Sciences and Humanities Research Council,Social Sciences and Humanities Research Council,Social Sciences and Humanities Research Council,Social Sciences and Humanities Research Council,,689240755.0,CAD,direct_rd,Direct R&D,10.5,include,0.9,"Dedicated extractor (Canada); taxonomy_score=10.5; hits=[technology, science, innovation, science, technology and innovation, research council, research(+anchor)]",Appropriation Act 2014-15 C38.pdf,31
Canada,2012,CA_RD,"Science, Technology and Innovation","Science, Technology and Innovation",CA_SSHRC,Social Sciences and Humanities Research Council,Social Sciences and Humanities Research Council,Social Sciences and Humanities Research Council,Social Sciences and Humanities Research Council,,685352746.0,CAD,direct_rd,Direct R&D,10.5,include,0.9,"Dedicated extractor (Canada); taxonomy_score=10.5; hits=[technology, science, innovation, science, technology and innovation, research council, research(+anchor)]",Appropriation Act 2012-13 C40.pdf,43
Canada,2014,CA_RD,"Science, Technology and Innovation","Science, Technology and Innovation",CA_NRC,National Research Council of Canada,National Research Council of Canada,National Research Council of Canada,National Research Council of Canada,,655232368.0,CAD,direct_rd,Direct R&D,10.5,include,0.9,"Dedicated extractor (Canada); taxonomy_score=10.5; hits=[technology, science, innovation, science, technology and innovation, research council, research(+anchor)]",Appropriation Act 2014-15 C38.pdf,33
Canada,2015,CA_RD,"Science, Technology and Innovation","Science, Technology and Innovation",CA_NRC,National Research Council of Canada,National Research Council of Canada,National Research Council of Canada,National Research Council of Canada,,636049070.0,CAD,direct_rd,Direct R&D,10.5,include,0.9,"Dedicated extractor (Canada); taxonomy_score=10.5; hits=[technology, science, innovation, science, technology and innovation, research council, research(+anchor)]",Appropriation Act 2015-16 C66.pdf,33
Canada,2010,CA_RD,"Science, Technology and Innovation","Science, Technology and Innovation",CA_NRC,National Research Council of Canada,National Research Council of Canada,National Research Council of Canada,National Research Council of Canada,,622467501.0,CAD,direct_rd,Direct R&D,10.5,include,0.9,"Dedicated extractor (Canada); taxonomy_score=10.5; hits=[technology, science, innovation, science, technology and innovation, research council, research(+anchor)]",Appropriation Act 2010-11 C44.pdf,39
Canada,1999,CA_RD,"Science, Technology and Innovation","Science, Technology and Innovation",CA_NSERC,Natural Sciences and Engineering Research Council,Natural Sciences and Engineering Research Council,Natural Sciences and Engineering Research Council,Natural Sciences and Engineering Research Council,,503008000.0,CAD,direct_rd,Direct R&D,10.5,include,0.9,"Dedicated extractor (Canada); taxonomy_score=10.5; hits=[technology, science, innovation, science, technology and innovation, research council, research(+anchor)]",1999-1.pdf,1039
Canada,1992,CA_RD,"Science, Technology and Innovation","Science, Technology and Innovation",CA_NSERC,Natural Sciences and Engineering Research Council,Natural Sciences and Engineering Research Council,Natural Sciences and Engineering Research Council,Natural Sciences and Engineering Research Council,,499544000.0,CAD,direct_rd,Direct R&D,10.5,include,0.68,"Dedicated extractor (Canada); taxonomy_score=10.5; hits=[technology, science, innovation, science, technology and innovation, research council, research(+anchor)]",1992-1.pdf,1133
Canada,1995,CA_RD,"Science, Technology and Innovation","Science, Technology and Innovation",CA_NSERC,Natural Sciences and Engineering Research Council,Natural Sciences and Engineering Research Council,Natural Sciences and Engineering Research Council,Natural Sciences and Engineering Research Council,,464416000.0,CAD,direct_rd,Direct R&D,10.5,include,0.68,"Dedicated extractor (Canada); taxonomy_score=10.5; hits=[technology, science, innovation, science, technology and innovation, research council, research(+anchor)]",1995-1.pdf,399
Canada,1996,CA_RD,"Science, Technology and Innovation","Science, Technology and Innovation",CA_NSERC,Natural Sciences and Engineering Research Council,Natural Sciences and Engineering Research Council,Natural Sciences and Engineering Research Council,Natural Sciences and Engineering Research Council,,448340000.0,CAD,direct_rd,Direct R&D,10.5,include,0.68,"Dedicated extractor (Canada); taxonomy_score=10.5; hits=[technology, science, innovation, science, technology and innovation, research council, research(+anchor)]",1996-2.pdf,43
Canada,1991,CA_RD,"Science, Technology and Innovation","Science, Technology and Innovation",CA_SSHRC,Social Sciences and Humanities Research Council,Social Sciences and Humanities Research Council,Social Sciences and Humanities Research Council,Social Sciences and Humanities Research Council,,375378500.0,CAD,direct_rd,Direct R&D,10.5,include,0.68,"Dedicated extractor (Canada); taxonomy_score=10.5; hits=[technology, science, innovation, science, technology and innovation, research council, research(+anchor)]",1991-1.pdf,495
Canada,1991,CA_RD,"Science, Technology and Innovation","Science, Technology and Innovation",CA_NRC,National Research Council of Canada,National Research Council of Canada,National Research Council of Canada,National Research Council of Canada,,119700000.0,CAD,direct_rd,Direct R&D,10.5,include,0.68,"Dedicated extractor (Canada); taxonomy_score=10.5; hits=[technology, science, innovation, science, technology and innovation, research council, research(+anchor)]",1991-1.pdf,67
Canada,1999,CA_RD,"Science, Technology and Innovation","Science, Technology and Innovation",CA_SSHRC,Social Sciences and Humanities Research Council,Social Sciences and Humanities Research Council,Social Sciences and Humanities Research Council,Social Sciences and Humanities Research Council,,105721000.0,CAD,direct_rd,Direct R&D,10.5,include,0.9,"Dedicated extractor (Canada); taxonomy_score=10.5; hits=[technology, science, innovation, science, technology and innovation, research council, research(+anchor)]",1999-1.pdf,1041
Canada,1994,CA_RD,"Science, Technology and Innovation","Science, Technology and Innovation",CA_SSHRC,Social Sciences and Humanities Research Council,Social Sciences and Humanities Research Council,Social Sciences and Humanities Research Council,Social Sciences and Humanities Research Council,,100492000.0,CAD,direct_rd,Direct R&D,10.5,include,0.68,"Dedicated extractor (Canada); taxonomy_score=10.5; hits=[technology, science, innovation, science, technology and innovation, research council, research(+anchor)]",1994-2.pdf,407
Canada,1990,CA_RD,"Science, Technology and Innovation","Science, Technology and Innovation",CA_SSHRC,Social Sciences and Humanities Research Council,Social Sciences and Humanities Research Council,Social Sciences and Humanities Research Council,Social Sciences and Humanities Research Council,,88927000.0,CAD,direct_rd,Direct R&D,10.5,include,0.68,"Dedicated extractor (Canada); taxonomy_score=10.5; hits=[technology, science, innovation, science, technology and innovation, research council, research(+anchor)]",1990-1.pdf,229
Canada,1998,CA_RD,"Science, Technology and Innovation","Science, Technology and Innovation",CA_NSERC,Natural Sciences and Engineering Research Council,Natural Sciences and Engineering Research Council,Natural Sciences and Engineering Research Council,Natural Sciences and Engineering Research Council,,71000000.0,CAD,direct_rd,Direct R&D,10.5,review,0.9,"Dedicated extractor (Canada); taxonomy_score=10.5; hits=[technology, science, innovation, science, technology and innovation, research council, research(+anchor)]; low-budget anomaly: amount=71000000 is 0.079× series median=895452000; needs AI verification",1998-1.pdf,1567
Canada,2000,CA_RD,"Science, Technology and Innovation","Science, Technology and Innovation",CA_SSHRC,Social Sciences and Humanities Research Council,Social Sciences and Humanities Research Council,Social Sciences and Humanities Research Council,Social Sciences and Humanities Research Council,,55661454.0,CAD,direct_rd,Direct R&D,10.5,review,0.9,"Dedicated extractor (Canada); taxonomy_score=10.5; hits=[technology, science, innovation, science, technology and innovation, research council, research(+anchor)]; low-budget anomaly: amount=55661454 is 0.087× series median=643345000; needs AI verification",2000 1 YX2-2000-1.pdf,47
Canada,1987,CA_RD,"Science, Technology and Innovation","Science, Technology and Innovation",CA_NRC,National Research Council of Canada,National Research Council of Canada,National Research Council of Canada,National Research Council of Canada,,28264000.0,CAD,direct_rd,Direct R&D,10.5,review,0.68,"Dedicated extractor (Canada); taxonomy_score=10.5; hits=[technology, science, innovation, science, technology and innovation, research council, research(+anchor)]; low-budget anomaly: amount=28264000 is 0.051× series median=557918053; needs AI verification",1987-3.pdf,43
Canada,2001,CA_RD,"Science, Technology and Innovation","Science, Technology and Innovation",CA_SSHRC,Social Sciences and Humanities Research Council,Social Sciences and Humanities Research Council,Social Sciences and Humanities Research Council,Social Sciences and Humanities Research Council,,24648541.0,CAD,direct_rd,Direct R&D,10.5,review,0.9,"Dedicated extractor (Canada); taxonomy_score=10.5; hits=[technology, science, innovation, science, technology and innovation, research council, research(+anchor)]; low-budget anomaly: amount=24648541 is 0.038× series median=643345000; needs AI verification",2001 1 YX2-2001-1.pdf,37
Canada,2024,CA_RD,"Science, Technology and Innovation","Science, Technology and Innovation",CA_AECL,Atomic Energy of Canada Limited,Atomic Energy of Canada Limited,Atomic Energy of Canada Limited,Atomic Energy of Canada Limited,,1591309916.0,CAD,direct_rd,Direct R&D,10.0,review,0.9,"Dedicated extractor (Canada); taxonomy_score=10.0; hits=[technology, science, innovation, science, technology and innovation, expenditure, capital expenditure]; spike detected: amount=1591309916 is 6.3× series median=251981000; needs AI verification",Appropriation Act 2024-25 C74.pdf,6
Canada,2023,CA_RD,"Science, Technology and Innovation","Science, Technology and Innovation",CA_AECL,Atomic Energy of Canada Limited,Atomic Energy of Canada Limited,Atomic Energy of Canada Limited,Atomic Energy of Canada Limited,,1541555307.0,CAD,direct_rd,Direct R&D,10.0,review,0.9,"Dedicated extractor (Canada); taxonomy_score=10.0; hits=[technology, science, innovation, science, technology and innovation, expenditure, capital expenditure]; spike detected: amount=1541555307 is 6.1× series median=251981000; needs AI verification",Appropriation Act 2023-24 C54.pdf,6
Canada,2020,CA_RD,"Science, Technology and Innovation","Science, Technology and Innovation",CA_AECL,Atomic Energy of Canada Limited,Atomic Energy of Canada Limited,Atomic Energy of Canada Limited,Atomic Energy of Canada Limited,,1253935845.0,CAD,direct_rd,Direct R&D,10.0,include,0.9,"Dedicated extractor (Canada); taxonomy_score=10.0; hits=[technology, science, innovation, science, technology and innovation, expenditure, capital expenditure]",Appropriation Act 2020-21 C16.pdf,6
Canada,2019,CA_RD,"Science, Technology and Innovation","Science, Technology and Innovation",CA_AECL,Atomic Energy of Canada Limited,Atomic Energy of Canada Limited,Atomic Energy of Canada Limited,Atomic Energy of Canada Limited,,1197282026.0,CAD,direct_rd,Direct R&D,10.0,include,0.9,"Dedicated extractor (Canada); taxonomy_score=10.0; hits=[technology, science, innovation, science, technology and innovation, expenditure, capital expenditure]",Appropriation Act 2019-20 C96.pdf,5
Canada,2021,CA_RD,"Science, Technology and Innovation","Science, Technology and Innovation",CA_AECL,Atomic Energy of Canada Limited,Atomic Energy of Canada Limited,Atomic Energy of Canada Limited,Atomic Energy of Canada Limited,,1188799417.0,CAD,direct_rd,Direct R&D,10.0,include,0.9,"Dedicated extractor (Canada); taxonomy_score=10.0; hits=[technology, science, innovation, science, technology and innovation, expenditure, capital expenditure]",Appropriation Act 2021-22 C33.pdf,6
Canada,2022,CA_RD,"Science, Technology and Innovation","Science, Technology and Innovation",CA_AECL,Atomic Energy of Canada Limited,Atomic Energy of Canada Limited,Atomic Energy of Canada Limited,Atomic Energy of Canada Limited,,1174652615.0,CAD,direct_rd,Direct R&D,10.0,include,0.9,"Dedicated extractor (Canada); taxonomy_score=10.0; hits=[technology, science, innovation, science, technology and innovation, expenditure, capital expenditure]",Appropriation Act 2022-23 C24.pdf,6
Canada,2018,CA_RD,"Science, Technology and Innovation","Science, Technology and Innovation",CA_AECL,Atomic Energy of Canada Limited,Atomic Energy of Canada Limited,Atomic Energy of Canada Limited,Atomic Energy of Canada Limited,,1043539640.0,CAD,direct_rd,Direct R&D,10.0,include,0.9,"Dedicated extractor (Canada); taxonomy_score=10.0; hits=[technology, science, innovation, science, technology and innovation, expenditure, capital expenditure]",Appropriation Act 2018-19 C73.pdf,5
Canada,2017,CA_RD,"Science, Technology and Innovation","Science, Technology and Innovation",CA_AECL,Atomic Energy of Canada Limited,Atomic Energy of Canada Limited,Atomic Energy of Canada Limited,Atomic Energy of Canada Limited,,971055162.0,CAD,direct_rd,Direct R&D,10.0,include,0.9,"Dedicated extractor (Canada); taxonomy_score=10.0; hits=[technology, science, innovation, science, technology and innovation, expenditure, capital expenditure]",Appropriation Act 2017-18 C53.pdf,6
Canada,2010,CA_RD,"Science, Technology and Innovation","Science, Technology and Innovation",CA_AECL,Atomic Energy of Canada Limited,Atomic Energy of Canada Limited,Atomic Energy of Canada Limited,Atomic Energy of Canada Limited,,300000000.0,CAD,direct_rd,Direct R&D,10.0,include,0.9,"Dedicated extractor (Canada); taxonomy_score=10.0; hits=[technology, science, innovation, science, technology and innovation, expenditure, capital expenditure]",Appropriation Act 2010-11 C45.pdf,32
Canada,2011,CA_RD,"Science, Technology and Innovation","Science, Technology and Innovation",CA_AECL,Atomic Energy of Canada Limited,Atomic Energy of Canada Limited,Atomic Energy of Canada Limited,Atomic Energy of Canada Limited,,275511917.0,CAD,direct_rd,Direct R&D,10.0,include,0.9,"Dedicated extractor (Canada); taxonomy_score=10.0; hits=[technology, science, innovation, science, technology and innovation, expenditure, capital expenditure]",Appropriation Act 2011-12 C29.pdf,44
Canada,2013,CA_RD,"Science, Technology and Innovation","Science, Technology and Innovation",CA_AECL,Atomic Energy of Canada Limited,Atomic Energy of Canada Limited,Atomic Energy of Canada Limited,Atomic Energy of Canada Limited,,260300000.0,CAD,direct_rd,Direct R&D,10.0,include,0.9,"Dedicated extractor (Canada); taxonomy_score=10.0; hits=[technology, science, innovation, science, technology and innovation, expenditure, capital expenditure]",Appropriation Act 2013-14 C64.pdf,14
Canada,1993,CA_RD,"Science, Technology and Innovation","Science, Technology and Innovation",CA_AECL,Atomic Energy of Canada Limited,Atomic Energy of Canada Limited,Atomic Energy of Canada Limited,Atomic Energy of Canada Limited,,251981000.0,CAD,direct_rd,Direct R&D,10.0,include,0.68,"Dedicated extractor (Canada); taxonomy_score=10.0; hits=[technology, science, innovation, science, technology and innovation, expenditure, capital expenditure]",1993-2.pdf,448
Canada,2014,CA_RD,"Science, Technology and Innovation","Science, Technology and Innovation",CA_AECL,Atomic Energy of Canada Limited,Atomic Energy of Canada Limited,Atomic Energy of Canada Limited,Atomic Energy of Canada Limited,,195000000.0,CAD,direct_rd,Direct R&D,10.0,include,0.9,"Dedicated extractor (Canada); taxonomy_score=10.0; hits=[technology, science, innovation, science, technology and innovation, expenditure, capital expenditure]",Appropriation Act 2014-15 C39.pdf,6
Canada,1996,CA_RD,"Science, Technology and Innovation","Science, Technology and Innovation",CA_AECL,Atomic Energy of Canada Limited,Atomic Energy of Canada Limited,Atomic Energy of Canada Limited,Atomic Energy of Canada Limited,,174054000.0,CAD,direct_rd,Direct R&D,10.0,include,0.68,"Dedicated extractor (Canada); taxonomy_score=10.0; hits=[technology, science, innovation, science, technology and innovation, expenditure, capital expenditure]",1996-2.pdf,50
Canada,2015,CA_RD,"Science, Technology and Innovation","Science, Technology and Innovation",CA_AECL,Atomic Energy of Canada Limited,Atomic Energy of Canada Limited,Atomic Energy of Canada Limited,Atomic Energy of Canada Limited,,164900000.0,CAD,direct_rd,Direct R&D,10.0,include,0.9,"Dedicated extractor (Canada); taxonomy_score=10.0; hits=[technology, science, innovation, science, technology and innovation, expenditure, capital expenditure]",Appropriation Act 2015-16 C67.pdf,6
Canada,2002,CA_RD,"Science, Technology and Innovation","Science, Technology and Innovation",CA_AECL,Atomic Energy of Canada Limited,Atomic Energy of Canada Limited,Atomic Energy of Canada Limited,Atomic Energy of Canada Limited,,135872000.0,CAD,direct_rd,Direct R&D,10.0,include,0.9,"Dedicated extractor (Canada); taxonomy_score=10.0; hits=[technology, science, innovation, science, technology and innovation, expenditure, capital expenditure]",2002 a YX2-2002-1.pdf,952
Canada,2003,CA_RD,"Science, Technology and Innovation","Science, Technology and Innovation",CA_AECL,Atomic Energy of Canada Limited,Atomic Energy of Canada Limited,Atomic Energy of Canada Limited,Atomic Energy of Canada Limited,,132772000.0,CAD,direct_rd,Direct R&D,10.0,include,0.9,"Dedicated extractor (Canada); taxonomy_score=10.0; hits=[technology, science, innovation, science, technology and innovation, expenditure, capital expenditure]",Appropriation Act 2003-04 C47 Project.pdf,22
Canada,2007,CA_RD,"Science, Technology and Innovation","Science, Technology and Innovation",CA_AECL,Atomic Energy of Canada Limited,Atomic Energy of Canada Limited,Atomic Energy of Canada Limited,Atomic Energy of Canada Limited,,108707000.0,CAD,direct_rd,Direct R&D,10.0,include,0.9,"Dedicated extractor (Canada); taxonomy_score=10.0; hits=[technology, science, innovation, science, technology and innovation, expenditure, capital expenditure]",Appropriation Act 2007-08 C35 Project.pdf,21
Canada,2000,CA_RD,"Science, Technology and Innovation","Science, Technology and Innovation",CA_AECL,Atomic Energy of Canada Limited,Atomic Energy of Canada Limited,Atomic Energy of Canada Limited,Atomic Energy of Canada Limited,,104800000.0,CAD,direct_rd,Direct R&D,10.0,include,0.9,"Dedicated extractor (Canada); taxonomy_score=10.0; hits=[technology, science, innovation, science, technology and innovation, expenditure, capital expenditure]",2000 1 YX2-2000-1.pdf,1072
Canada,2006,CA_RD,"Science, Technology and Innovation","Science, Technology and Innovation",CA_AECL,Atomic Energy of Canada Limited,Atomic Energy of Canada Limited,Atomic Energy of Canada Limited,Atomic Energy of Canada Limited,,103749000.0,CAD,direct_rd,Direct R&D,10.0,include,0.9,"Dedicated extractor (Canada); taxonomy_score=10.0; hits=[technology, science, innovation, science, technology and innovation, expenditure, capital expenditure]",Appropriation Act 2006-07 C8 Project.pdf,36
Canada,1998,CA_RD,"Science, Technology and Innovation","Science, Technology and Innovation",CA_AECL,Atomic Energy of Canada Limited,Atomic Energy of Canada Limited,Atomic Energy of Canada Limited,Atomic Energy of Canada Limited,,100000000.0,CAD,direct_rd,Direct R&D,10.0,include,0.9,"Dedicated extractor (Canada); taxonomy_score=10.0; hits=[technology, science, innovation, science, technology and innovation, expenditure, capital expenditure]",1998-1.pdf,1540
Canada,1991,CA_RD,"Science, Technology and Innovation","Science, Technology and Innovation",CA_AECL,Atomic Energy of Canada Limited,Atomic Energy of Canada Limited,Atomic Energy of Canada Limited,Atomic Energy of Canada Limited,,39020000.0,CAD,direct_rd,Direct R&D,10.0,include,0.68,"Dedicated extractor (Canada); taxonomy_score=10.0; hits=[technology, science, innovation, science, technology and innovation, expenditure, capital expenditure]",1991-1.pdf,56
Canada,2016,CA_RD,"Science, Technology and Innovation","Science, Technology and Innovation",CA_AECL,Atomic Energy of Canada Limited,Atomic Energy of Canada Limited,Atomic Energy of Canada Limited,Atomic Energy of Canada Limited,,968615589.0,CAD,direct_rd,Direct R&D,8.0,include,0.9,"Dedicated extractor (Canada); taxonomy_score=8.0; hits=[technology, science, innovation, science, technology and innovation]",Appropriation Act 2016-17 C19.pdf,6
Canada,2009,CA_RD,"Science, Technology and Innovation","Science, Technology and Innovation",CA_AECL,Atomic Energy of Canada Limited,Atomic Energy of Canada Limited,Atomic Energy of Canada Limited,Atomic Energy of Canada Limited,,182000000.0,CAD,direct_rd,Direct R&D,8.0,include,0.9,"Dedicated extractor (Canada); taxonomy_score=8.0; hits=[technology, science, innovation, science, technology and innovation]",Appropriation Act 2009-10 C6.pdf,28
Canada,1989,CA_RD,"Science, Technology and Innovation","Science, Technology and Innovation",CA_AECL,Atomic Energy of Canada Limited,Atomic Energy of Canada Limited,Atomic Energy of Canada Limited,Atomic Energy of Canada Limited,,125713000.0,CAD,direct_rd,Direct R&D,8.0,include,0.68,"Dedicated extractor (Canada); taxonomy_score=8.0; hits=[technology, science, innovation, science, technology and innovation]",1989-1.pdf,241
Chile,2025,CL_SCIENCE,"Ministerio de Ciencia, Tecnología, Conocimiento e Innovación","Ministry of Science, Technology, Knowledge and Innovation",CL_ANID,National Research and Development Agency (ANID),National Research and Development Agency (ANID),Agencia Nacional de Investigación y Desarrollo (ANID),National Research and Development Agency (ANID),,457788275000.0,CLP,direct_rd,Direct R&D,9.0,include,0.97,"Dedicated extractor (Chile); taxonomy_score=9.0; hits=[research and development, innovation, technology, science, transfer, development(+anchor)]",2025_Ley de presupuestos.pdf,1182
Chile,2024,CL_SCIENCE,"Ministerio de Ciencia, Tecnología, Conocimiento e Innovación","Ministry of Science, Technology, Knowledge and Innovation",CL_ANID,National Research and Development Agency (ANID),National Research and Development Agency (ANID),Agencia Nacional de Investigación y Desarrollo (ANID),National Research and Development Agency (ANID),,438561531000.0,CLP,direct_rd,Direct R&D,9.0,include,0.97,"Dedicated extractor (Chile); taxonomy_score=9.0; hits=[research and development, innovation, technology, science, transfer, development(+anchor)]",2024_Ley de presupuestos.pdf,1060
Chile,2020,CL_SCIENCE,"Ministerio de Ciencia, Tecnología, Conocimiento e Innovación","Ministry of Science, Technology, Knowledge and Innovation",CL_MIN_CIENCIA,"Ministerio de Ciencia, Tecnología, Conocimiento e Innovación (total)","Ministerio de Ciencia, Tecnología, Conocimiento e Innovación (total)","Ministerio de Ciencia, Tecnología, Conocimiento e Innovación (total)",Ministry of Science (total),,430704553000.0,CLP,direct_rd,Direct R&D,9.0,include,0.9,"Dedicated extractor (Chile); taxonomy_score=9.0; hits=[innovation, technology, science]",2020_Ley de presupuestos.pdf,1
Chile,2022,CL_SCIENCE,"Ministerio de Ciencia, Tecnología, Conocimiento e Innovación","Ministry of Science, Technology, Knowledge and Innovation",CL_ANID,National Research and Development Agency (ANID),National Research and Development Agency (ANID),Agencia Nacional de Investigación y Desarrollo (ANID),National Research and Development Agency (ANID),,361318446000.0,CLP,direct_rd,Direct R&D,9.0,include,0.97,"Dedicated extractor (Chile); taxonomy_score=9.0; hits=[research and development, innovation, technology, science, transfer, development(+anchor)]",2022_Ley de presupuestos.pdf,992
Chile,2020,CL_SCIENCE,"Ministerio de Ciencia, Tecnología, Conocimiento e Innovación","Ministry of Science, Technology, Knowledge and Innovation",CL_ANID,National Research and Development Agency (ANID),National Research and Development Agency (ANID),Agencia Nacional de Investigación y Desarrollo (ANID),National Research and Development Agency (ANID),,352535978000.0,CLP,direct_rd,Direct R&D,9.0,include,0.97,"Dedicated extractor (Chile); taxonomy_score=9.0; hits=[research and development, innovation, technology, science, transfer, development(+anchor)]",2020_Ley de presupuestos.pdf,1011
Chile,2019,CL_SCIENCE,CONICYT - Educación,National Commission for Scientific Research (CONICYT),CL_CONICYT,National Commission for Scientific Research (CONICYT),National Commission for Scientific Research (CONICYT),Comisión Nacional de Investigación Científica y Tecnológica (CONICYT),National Commission for Scientific Research (CONICYT),,340198416000.0,CLP,direct_rd,Direct R&D,9.0,include,0.97,"Dedicated extractor (Chile); taxonomy_score=9.0; hits=[scientific research, transfer, program]",2019_Ley de presupuestos.pdf,379
Chile,2018,CL_SCIENCE,CONICYT - Educación,National Commission for Scientific Research (CONICYT),CL_CONICYT,National Commission for Scientific Research (CONICYT),National Commission for Scientific Research (CONICYT),Comisión Nacional de Investigación Científica y Tecnológica (CONICYT),National Commission for Scientific Research (CONICYT),,328150693000.0,CLP,direct_rd,Direct R&D,9.0,include,0.97,"Dedicated extractor (Chile); taxonomy_score=9.0; hits=[scientific research, transfer, program]",2018_Ley de presupuestos.pdf,365
Chile,2021,CL_SCIENCE,"Ministerio de Ciencia, Tecnología, Conocimiento e Innovación","Ministry of Science, Technology, Knowledge and Innovation",CL_ANID,National Research and Development Agency (ANID),National Research and Development Agency (ANID),Agencia Nacional de Investigación y Desarrollo (ANID),National Research and Development Agency (ANID),,327365202000.0,CLP,direct_rd,Direct R&D,9.0,include,0.97,"Dedicated extractor (Chile); taxonomy_score=9.0; hits=[research and development, innovation, technology, science, transfer, development(+anchor)]",2021_Ley de presupuestos.pdf,1050
Chile,2017,CL_SCIENCE,CONICYT - Educación,National Commission for Scientific Research (CONICYT),CL_CONICYT,National Commission for Scientific Research (CONICYT),National Commission for Scientific Research (CONICYT),Comisión Nacional de Investigación Científica y Tecnológica (CONICYT),National Commission for Scientific Research (CONICYT),,317060060000.0,CLP,direct_rd,Direct R&D,9.0,include,0.97,"Dedicated extractor (Chile); taxonomy_score=9.0; hits=[scientific research, transfer, program]",2017_Ley de presupuestos.pdf,383
Chile,2023,CL_SCIENCE,"Ministerio de Ciencia, Tecnología, Conocimiento e Innovación","Ministry of Science, Technology, Knowledge and Innovation",CL_ANID,Agencia Nacional de Investigación y Desarrollo (ANID),Agencia Nacional de Investigación y Desarrollo (ANID),Agencia Nacional de Investigación y Desarrollo (ANID),National Research and Development Agency (ANID),,312088973000.0,CLP,direct_rd,Direct R&D,9.0,include,0.9,"Dedicated extractor (Chile); taxonomy_score=9.0; hits=[innovation, technology, science]",2023_Ley de presupuestos.pdf,1
Chile,2016,CL_SCIENCE,CONICYT - Educación,National Commission for Scientific Research (CONICYT),CL_CONICYT,National Commission for Scientific Research (CONICYT),National Commission for Scientific Research (CONICYT),Comisión Nacional de Investigación Científica y Tecnológica (CONICYT),National Commission for Scientific Research (CONICYT),,304338918000.0,CLP,direct_rd,Direct R&D,9.0,include,0.97,"Dedicated extractor (Chile); taxonomy_score=9.0; hits=[scientific research, transfer, program]",2016_Ley de presupuestos.pdf,364
Chile,2015,CL_SCIENCE,CONICYT - Educación,National Commission for Scientific Research (CONICYT),CL_CONICYT,National Commission for Scientific Research (CONICYT),National Commission for Scientific Research (CONICYT),Comisión Nacional de Investigación Científica y Tecnológica (CONICYT),National Commission for Scientific Research (CONICYT),,283387530000.0,CLP,direct_rd,Direct R&D,9.0,include,0.97,"Dedicated extractor (Chile); taxonomy_score=9.0; hits=[scientific research, transfer, program]",2015_Ley de presupuestos.pdf,346
Chile,2014,CL_SCIENCE,CONICYT - Educación,National Commission for Scientific Research (CONICYT),CL_CONICYT,National Commission for Scientific Research (CONICYT),National Commission for Scientific Research (CONICYT),Comisión Nacional de Investigación Científica y Tecnológica (CONICYT),National Commission for Scientific Research (CONICYT),,274479254000.0,CLP,direct_rd,Direct R&D,9.0,include,0.97,"Dedicated extractor (Chile); taxonomy_score=9.0; hits=[scientific research, transfer, program]",2014_Ley de presupuestos.pdf,342
Chile,2013,CL_SCIENCE,CONICYT - Educación,National Commission for Scientific Research (CONICYT),CL_CONICYT,National Commission for Scientific Research (CONICYT),National Commission for Scientific Research (CONICYT),Comisión Nacional de Investigación Científica y Tecnológica (CONICYT),National Commission for Scientific Research (CONICYT),,265610042000.0,CLP,direct_rd,Direct R&D,9.0,include,0.97,"Dedicated extractor (Chile); taxonomy_score=9.0; hits=[scientific research, transfer, program]",2013_Ley de presupuestos.pdf,334
Chile,2012,CL_SCIENCE,CONICYT - Educación,National Commission for Scientific Research (CONICYT),CL_CONICYT,National Commission for Scientific Research (CONICYT),National Commission for Scientific Research (CONICYT),Comisión Nacional de Investigación Científica y Tecnológica (CONICYT),National Commission for Scientific Research (CONICYT),,243194586000.0,CLP,direct_rd,Direct R&D,9.0,include,0.97,"Dedicated extractor (Chile); taxonomy_score=9.0; hits=[scientific research, transfer, program]",2012_Ley de presupuestos.pdf,328
Chile,2011,CL_SCIENCE,CONICYT - Educación,National Commission for Scientific Research (CONICYT),CL_CONICYT,National Commission for Scientific Research (CONICYT),National Commission for Scientific Research (CONICYT),Comisión Nacional de Investigación Científica y Tecnológica (CONICYT),National Commission for Scientific Research (CONICYT),,213974595000.0,CLP,direct_rd,Direct R&D,9.0,include,0.97,"Dedicated extractor (Chile); taxonomy_score=9.0; hits=[scientific research, transfer, program]",2011_Ley de presupuestos.pdf,301
Chile,2010,CL_SCIENCE,CONICYT - Educación,National Commission for Scientific Research (CONICYT),CL_CONICYT,National Commission for Scientific Research (CONICYT),National Commission for Scientific Research (CONICYT),Comisión Nacional de Investigación Científica y Tecnológica (CONICYT),National Commission for Scientific Research (CONICYT),,196985773000.0,CLP,direct_rd,Direct R&D,9.0,include,0.97,"Dedicated extractor (Chile); taxonomy_score=9.0; hits=[scientific research, transfer, program]",2010_Ley de presupuestos.pdf,294
Chile,2009,CL_SCIENCE,CONICYT - Educación,National Commission for Scientific Research (CONICYT),CL_CONICYT,National Commission for Scientific Research (CONICYT),National Commission for Scientific Research (CONICYT),Comisión Nacional de Investigación Científica y Tecnológica (CONICYT),National Commission for Scientific Research (CONICYT),,140527407000.0,CLP,direct_rd,Direct R&D,9.0,include,0.97,"Dedicated extractor (Chile); taxonomy_score=9.0; hits=[scientific research, transfer, program]",2009_Ley de presupuestos.pdf,292
Chile,2001,CL_SCIENCE,CONICYT - Educación,National Commission for Scientific Research (CONICYT),CL_CONICYT,National Commission for Scientific Research (CONICYT),National Commission for Scientific Research (CONICYT),Comisión Nacional de Investigación Científica y Tecnológica (CONICYT),National Commission for Scientific Research (CONICYT),,35163469000.0,CLP,direct_rd,Direct R&D,9.0,include,0.97,"Dedicated extractor (Chile); taxonomy_score=9.0; hits=[scientific research, transfer, program]",2001_Ley de presupuestos.pdf,211
Chile,2000,CL_SCIENCE,CONICYT - Educación,National Commission for Scientific Research (CONICYT),CL_CONICYT,National Commission for Scientific Research (CONICYT),National Commission for Scientific Research (CONICYT),Comisión Nacional de Investigación Científica y Tecnológica (CONICYT),National Commission for Scientific Research (CONICYT),,31285983000.0,CLP,direct_rd,Direct R&D,9.0,include,0.97,"Dedicated extractor (Chile); taxonomy_score=9.0; hits=[scientific research, transfer, program]",2000_Ley de presupuestos.pdf,212
Chile,1999,CL_SCIENCE,CONICYT - Educación,National Commission for Scientific Research (CONICYT),CL_CONICYT,National Commission for Scientific Research (CONICYT),National Commission for Scientific Research (CONICYT),Comisión Nacional de Investigación Científica y Tecnológica (CONICYT),National Commission for Scientific Research (CONICYT),,29597202000.0,CLP,direct_rd,Direct R&D,9.0,include,0.97,"Dedicated extractor (Chile); taxonomy_score=9.0; hits=[scientific research, transfer]",1999_Ley de presupuestos.pdf,202
