country,year,section_code,section_name,section_name_en,program_code,clean_program_description_en,line_description,line_description_en,amount_local,currency,rd_category,ai_rd_category,ai_pillar,ai_decision,ai_confidence,ai_rationale,taxonomy_score,confidence,decision,source_file,page_number
United Kingdom,2007,UK_SCIENCE,Science and innovation,Science and innovation,UK_SCIENCE_TOTAL,,total UK science spending will be £5.4 billion,total UK science spending will be £5.4 billion,5400000000.0,,direct_rd,direct_rd,Direct R&D,include,0.95,UK government science budget aggregate,8.5,0.88,include,2007_UK.pdf,69
United Kingdom,2006,UK_SCIENCE,Science and innovation,Science and innovation,UK_SCIENCE_TOTAL,,total UK science spending will be £5.4 billion,total UK science spending will be £5.4 billion,5400000000.0,,direct_rd,direct_rd,Direct R&D,include,0.95,UK government science budget aggregate,8.5,0.88,include,2006_UK.pdf,68
United Kingdom,1995,UK_SCIENCE,Science and innovation,Science and innovation,UK_SCIENCE_INVEST,,government spending on science and technology in 1996-97 is expected to be about £6 billion,government spending on science and technology in 1996-97 is expected to be about £6 billion,6000000000.0,,direct_rd,direct_rd,Direct R&D,include,0.95,UK government science budget aggregate,9.0,0.85,include,1995_UK.pdf,129
United Kingdom,1996,UK_SCIENCE,Science and innovation,Science and innovation,UK_SCIENCE_INVEST,,government spending on Science and Technology in 1997-98 is expected to be about £6 billion,government spending on Science and Technology in 1997-98 is expected to be about £6 billion,6000000000.0,,direct_rd,direct_rd,Direct R&D,include,0.95,UK government science budget aggregate,9.0,0.85,include,1996_UK.pdf,114
United Kingdom,2008,UK_SCIENCE,Science and innovation,Science and innovation,UK_SCIMINISTRY_CAPITAL,,UK Science Ministry (BEIS / BIS / DIUS) — Capital DEL (FY 2008-09),UK Science Ministry (BEIS / BIS / DIUS) — Capital DEL (FY 2008-09),2000000000.0,,direct_rd,direct_rd,Direct R&D,include,0.95,UK Science Ministry (BEIS/BIS/DIUS): Capital DEL includes research council grants,8.5,0.78,include,2008_UK.pdf,206
United Kingdom,2010,UK_SCIENCE,Science and innovation,Science and innovation,UK_SCIMINISTRY_CAPITAL,,UK Science Ministry (BEIS / BIS / DIUS) — Capital DEL (FY 2010-11),UK Science Ministry (BEIS / BIS / DIUS) — Capital DEL (FY 2010-11),2400000000.0,,direct_rd,direct_rd,Direct R&D,include,0.95,UK Science Ministry (BEIS/BIS/DIUS): Capital DEL includes research council grants,8.5,0.75,include,2010_03_UK.pdf,218
United Kingdom,2014,UK_SCIENCE,Science and innovation,Science and innovation,UK_SCIMINISTRY_CAPITAL,,UK Science Ministry (BEIS / BIS / DIUS) — Capital DEL (FY 2014-15),UK Science Ministry (BEIS / BIS / DIUS) — Capital DEL (FY 2014-15),2900000000.0,,direct_rd,direct_rd,Direct R&D,include,0.95,UK Science Ministry (BEIS/BIS/DIUS): Capital DEL includes research council grants,8.5,0.75,include,2014_UK.pdf,62
United Kingdom,2016,UK_SCIENCE,Science and innovation,Science and innovation,UK_SCIMINISTRY_CAPITAL,,UK Science Ministry (BEIS / BIS / DIUS) — Capital DEL (FY 2016-17),UK Science Ministry (BEIS / BIS / DIUS) — Capital DEL (FY 2016-17),3200000000.0,,direct_rd,direct_rd,Direct R&D,include,0.95,UK Science Ministry (BEIS/BIS/DIUS): Capital DEL includes research council grants,8.5,0.75,include,2016_UK.pdf,95
United Kingdom,2015,UK_SCIENCE,Science and innovation,Science and innovation,UK_SCIMINISTRY_CAPITAL,,UK Science Ministry (BEIS / BIS / DIUS) — Capital DEL (FY 2015-16),UK Science Ministry (BEIS / BIS / DIUS) — Capital DEL (FY 2015-16),3800000000.0,,direct_rd,direct_rd,Direct R&D,include,0.95,UK Science Ministry (BEIS/BIS/DIUS): Capital DEL includes research council grants,8.5,0.75,include,2015_07_UK.pdf,81
United Kingdom,2018,UK_SCIENCE,Science and innovation,Science and innovation,UK_SCIMINISTRY_CAPITAL,,UK Science Ministry (BEIS / BIS / DIUS) — Capital DEL (FY 2018-19),UK Science Ministry (BEIS / BIS / DIUS) — Capital DEL (FY 2018-19),10300000000.0,,direct_rd,direct_rd,Direct R&D,include,0.95,UK Science Ministry (BEIS/BIS/DIUS): Capital DEL includes research council grants,8.5,0.78,include,2018_UK.pdf,26
United Kingdom,2020,UK_SCIENCE,Science and innovation,Science and innovation,UK_SCIMINISTRY_CAPITAL,UK Science Ministry (BEIS / BIS / DIUS),UK Science Ministry (BEIS / BIS / DIUS) — Capital DEL (FY 2020-21),UK Science Ministry (BEIS / BIS / DIUS) — Capital DEL (FY 2020-21),12300000000.0,GBP,direct_rd,direct_rd,Direct R&D,include,0.9,The line includes a core R&D phrase and a known R&D institution.,8.5,0.78,review,2020_UK.pdf,31
United Kingdom,2015,UK_SCIENCE,Science and innovation,Science and innovation,UK_SCIMINISTRY_RESOURCE,,UK Science Ministry (BEIS / BIS / DIUS) — Resource DEL (FY 2015-16),UK Science Ministry (BEIS / BIS / DIUS) — Resource DEL (FY 2015-16),13100000000.0,,direct_rd,direct_rd,Direct R&D,include,0.95,UK Science Ministry (BEIS/BIS/DIUS): Capital DEL includes research council grants,8.5,0.75,include,2015_07_UK.pdf,81
United Kingdom,2016,UK_SCIENCE,Science and innovation,Science and innovation,UK_SCIMINISTRY_RESOURCE,,UK Science Ministry (BEIS / BIS / DIUS) — Resource DEL (FY 2016-17),UK Science Ministry (BEIS / BIS / DIUS) — Resource DEL (FY 2016-17),13400000000.0,,direct_rd,direct_rd,Direct R&D,include,0.95,UK Science Ministry (BEIS/BIS/DIUS): Capital DEL includes research council grants,8.5,0.75,include,2016_UK.pdf,94
United Kingdom,2014,UK_SCIENCE,Science and innovation,Science and innovation,UK_SCIMINISTRY_RESOURCE,,UK Science Ministry (BEIS / BIS / DIUS) — Resource DEL (FY 2014-15),UK Science Ministry (BEIS / BIS / DIUS) — Resource DEL (FY 2014-15),13800000000.0,,direct_rd,direct_rd,Direct R&D,include,0.95,UK Science Ministry (BEIS/BIS/DIUS): Capital DEL includes research council grants,8.5,0.75,include,2014_UK.pdf,62
United Kingdom,2013,UK_SCIENCE,Science and innovation,Science and innovation,UK_SCIMINISTRY_RESOURCE,,UK Science Ministry (BEIS / BIS / DIUS) — Resource DEL (FY 2013-14),UK Science Ministry (BEIS / BIS / DIUS) — Resource DEL (FY 2013-14),14900000000.0,,direct_rd,direct_rd,Direct R&D,include,0.95,UK Science Ministry (BEIS/BIS/DIUS): Capital DEL includes research council grants,8.5,0.75,include,2013_UK.pdf,71
United Kingdom,2008,UK_SCIENCE,Science and innovation,Science and innovation,UK_SCIMINISTRY_RESOURCE,,UK Science Ministry (BEIS / BIS / DIUS) — Resource DEL (FY 2008-09),UK Science Ministry (BEIS / BIS / DIUS) — Resource DEL (FY 2008-09),16399999999.999998,,direct_rd,direct_rd,Direct R&D,include,0.95,UK Science Ministry (BEIS/BIS/DIUS): Capital DEL includes research council grants,8.5,0.78,include,2008_UK.pdf,206
United Kingdom,2011,UK_SCIENCE,Science and innovation,Science and innovation,UK_SCIMINISTRY_RESOURCE,,UK Science Ministry (BEIS / BIS / DIUS) — Resource DEL (FY 2011-12),UK Science Ministry (BEIS / BIS / DIUS) — Resource DEL (FY 2011-12),16500000000.0,,direct_rd,direct_rd,Direct R&D,include,0.95,UK Science Ministry (BEIS/BIS/DIUS): Capital DEL includes research council grants,8.5,0.75,include,2011_UK.pdf,53
United Kingdom,2010,UK_SCIENCE,Science and innovation,Science and innovation,UK_SCIMINISTRY_RESOURCE,,UK Science Ministry (BEIS / BIS / DIUS) — Resource DEL (FY 2010-11),UK Science Ministry (BEIS / BIS / DIUS) — Resource DEL (FY 2010-11),19600000000.0,,direct_rd,direct_rd,Direct R&D,include,0.95,UK Science Ministry (BEIS/BIS/DIUS): Capital DEL includes research council grants,8.5,0.75,include,2010_03_UK.pdf,218
United Kingdom,2011,UK_SCIENCE,Science and innovation,Science and innovation,UK_SCIMINISTRY_CAPITAL,,UK Science Ministry (BEIS / BIS / DIUS) — Capital DEL (FY 2011-12),UK Science Ministry (BEIS / BIS / DIUS) — Capital DEL (FY 2011-12),1300000000.0,,direct_rd,direct_rd,Direct R&D,include,0.95,UK Science Ministry (BEIS/BIS/DIUS): Capital DEL includes research council grants,8.5,0.75,include,2011_UK.pdf,53
United Kingdom,2023,UK_SCIENCE,Science and innovation,Science and innovation,UK_DSIT_CAPITAL,,"Dept for Science, Innovation and Technology — Capital DEL (FY 2023-24)","Dept for Science, Innovation and Technology — Capital DEL (FY 2023-24)",13100000000.0,,direct_rd,direct_rd,Direct R&D,include,0.95,"DSIT: Dept for Science, Innovation & Technology — R&D ministry capital (UKRI, Innovate UK)",8.5,0.92,include,2023_UK.pdf,42
United Kingdom,2024,UK_SCIENCE,Science and innovation,Science and innovation,UK_DSIT_CAPITAL,,"Dept for Science, Innovation and Technology — Capital DEL (FY 2024-25)","Dept for Science, Innovation and Technology — Capital DEL (FY 2024-25)",13300000000.0,,direct_rd,direct_rd,Direct R&D,include,0.95,"DSIT: Dept for Science, Innovation & Technology — R&D ministry capital (UKRI, Innovate UK)",8.5,0.92,include,2024_10_UK.pdf,43
United Kingdom,2024,UK_SCIENCE,Science and innovation,Science and innovation,UK_DSIT_TOTAL,,"Dept for Science, Innovation and Technology — Total DEL (FY 2024-25)","Dept for Science, Innovation and Technology — Total DEL (FY 2024-25)",13700000000.0,,direct_rd,direct_rd,Direct R&D,include,0.95,"DSIT: Dept for Science, Innovation & Technology — R&D ministry capital (UKRI, Innovate UK)",8.5,0.92,include,2024_10_UK.pdf,40
United Kingdom,2025,UK_SCIENCE,Science and innovation,Science and innovation,UK_DSIT_CAPITAL,,"Dept for Science, Innovation and Technology — Capital DEL (FY 2025-26)","Dept for Science, Innovation and Technology — Capital DEL (FY 2025-26)",14700000000.0,,direct_rd,direct_rd,Direct R&D,include,0.95,"DSIT: Dept for Science, Innovation & Technology — R&D ministry capital (UKRI, Innovate UK)",8.5,0.92,include,2025_UK.pdf,147
United Kingdom,2025,UK_SCIENCE,Science and innovation,Science and innovation,UK_DSIT_RESOURCE,,"Dept for Science, Innovation and Technology — Resource DEL (FY 2025-26)","Dept for Science, Innovation and Technology — Resource DEL (FY 2025-26)",700000000.0,,direct_rd,direct_rd,Direct R&D,include,0.95,"DSIT: Dept for Science, Innovation & Technology — R&D ministry capital (UKRI, Innovate UK)",8.5,0.92,include,2025_UK.pdf,146
Australia,2007,AU_RD,"Science, Research and Innovation","Science, Research and Innovation",AU_ARC,,Australian Research Council,Australian Research Council,14846000.0,,direct_rd,direct_rd,Direct R&D,include,0.95,ARC: Australian Research Council — competitive grants to universities,8.0,0.8,include,2007 No1 C2012C00879.doc,59
Australia,2015,AU_RD,"Science, Research and Innovation","Science, Research and Innovation",AU_ARC,,Australian Research Council,Australian Research Council,26422000.0,,direct_rd,direct_rd,Direct R&D,include,0.95,ARC: Australian Research Council — competitive grants to universities,8.0,0.8,include,2015 No1 C2014A00063.docx,5
Australia,2025,AU_RD,"Science, Research and Innovation","Science, Research and Innovation",AU_ARC,Australian Research Council,Australian Research Council,Australian Research Council,1055621000.0,AUD,direct_rd,direct_rd,Direct R&D,include,1.0,The line includes a clear R&D institution (Australian Research Council) and is associated with a budget instrument.,8.0,0.8,review,2025 No1 C2024A00047.docx,49
Australia,2016,AU_RD,"Science, Research and Innovation","Science, Research and Innovation",AU_ARC,,Australian Research Council,Australian Research Council,25969000.0,,direct_rd,direct_rd,Direct R&D,include,0.95,ARC: Australian Research Council — competitive grants to universities,8.0,0.8,include,2016 No1 C2015A00076.docx,2
Australia,2009,AU_RD,"Science, Research and Innovation","Science, Research and Innovation",AU_ARC,,Australian Research Council,Australian Research Council,15896000.0,,direct_rd,direct_rd,Direct R&D,include,0.95,ARC: Australian Research Council — competitive grants to universities,8.0,0.8,include,2009 No1 C2013C00309.DOCX,114
Australia,2010,AU_RD,"Science, Research and Innovation","Science, Research and Innovation",AU_ARC,,Australian Research Council,Australian Research Council,25683000.0,,direct_rd,direct_rd,Direct R&D,include,0.95,ARC: Australian Research Council — competitive grants to universities,8.0,0.8,include,2010 No1 C2012C00874.doc,116
Australia,2014,AU_RD,"Science, Research and Innovation","Science, Research and Innovation",AU_ARC,,Australian Research Council,Australian Research Council,23835000.0,,direct_rd,direct_rd,Direct R&D,include,0.95,ARC: Australian Research Council — competitive grants to universities,8.0,0.8,include,2014 No1 C2014C00349.DOCX,9
Australia,2023,AU_RD,"Science, Research and Innovation","Science, Research and Innovation",AU_ARC,Australian Research Council,Australian Research Council,Australian Research Council,2572000.0,AUD,direct_rd,direct_rd,Direct R&D,include,0.9,Funding for the Australian Research Council is a clear R&D line as it includes a recognized institution and budget instrument.,8.0,0.8,review,2023 No1 C2022A00067.docx,49
Australia,2012,AU_RD,"Science, Research and Innovation","Science, Research and Innovation",AU_ARC,,Australian Research Council,Australian Research Council,22336000.0,,direct_rd,direct_rd,Direct R&D,include,0.95,ARC: Australian Research Council — competitive grants to universities,8.0,0.8,include,2012 No1 C2013C00531.DOCX,98
Australia,2020,AU_RD,"Science, Research and Innovation","Science, Research and Innovation",AU_ARC,,Australian Research Council,Australian Research Council,19456000.0,,direct_rd,direct_rd,Direct R&D,include,0.95,ARC: Australian Research Council — competitive grants to universities,8.0,0.8,include,2020 No1 C2019A00100.docx,54
Australia,2002,AU_RD,"Science, Research and Innovation","Science, Research and Innovation",AU_ARC,,Australian Research Council,Australian Research Council,6907000.0,,direct_rd,direct_rd,Direct R&D,include,0.95,ARC: Australian Research Council — competitive grants to universities,8.0,0.8,include,2002 No3-2 C2004A00939VOL02.doc,25
Australia,2017,AU_RD,"Science, Research and Innovation","Science, Research and Innovation",AU_ARC,,Australian Research Council,Australian Research Council,17503000.0,,direct_rd,direct_rd,Direct R&D,include,0.95,ARC: Australian Research Council — competitive grants to universities,8.0,0.8,include,2017 No1 C2016A00069.docx,7
Australia,2026,AU_RD,"Science, Research and Innovation","Science, Research and Innovation",AU_ARC,Australian Research Council,Australian Research Council,Australian Research Council,620763000.0,AUD,direct_rd,direct_rd,Direct R&D,include,1.0,The line contains a clear R&D institution keyword (Australian Research Council) and is associated with a budget instrument.,8.0,0.8,review,2026 No1 C2025A00047.docx,45
Australia,2003,AU_RD,"Science, Research and Innovation","Science, Research and Innovation",AU_ARC,,Australian Research Council,Australian Research Council,12249000.0,,direct_rd,direct_rd,Direct R&D,include,0.95,ARC: Australian Research Council — competitive grants to universities,8.0,0.8,include,2003 No1 C2008C00466.doc,56
Australia,2005,AU_RD,"Science, Research and Innovation","Science, Research and Innovation",AU_ARC,,Australian Research Council,Australian Research Council,12357000.0,,direct_rd,direct_rd,Direct R&D,include,0.95,ARC: Australian Research Council — competitive grants to universities,8.0,0.8,include,2005 No1 C2009C00499.doc,63
Australia,2006,AU_RD,"Science, Research and Innovation","Science, Research and Innovation",AU_ARC,,Australian Research Council,Australian Research Council,12897000.0,,direct_rd,direct_rd,Direct R&D,include,0.95,ARC: Australian Research Council — competitive grants to universities,8.0,0.8,include,2006 No1 C2012C00814.doc,62
Australia,2021,AU_RD,"Science, Research and Innovation","Science, Research and Innovation",AU_ARC,,Australian Research Council,Australian Research Council,12923000.0,,direct_rd,direct_rd,Direct R&D,include,0.95,ARC: Australian Research Council — competitive grants to universities,8.0,0.8,include,2021 No1 C2020A00109.docx,43
Australia,2018,AU_RD,"Science, Research and Innovation","Science, Research and Innovation",AU_ARC,,Australian Research Council,Australian Research Council,27932000.0,,direct_rd,direct_rd,Direct R&D,include,0.95,ARC: Australian Research Council — competitive grants to universities,8.0,0.8,include,2018 No1 C2017A00060.docx,3
Australia,2013,AU_RD,"Science, Research and Innovation","Science, Research and Innovation",AU_ARC,,Australian Research Council,Australian Research Council,25953000.0,,direct_rd,direct_rd,Direct R&D,include,0.95,ARC: Australian Research Council — competitive grants to universities,8.0,0.8,include,2013 No1 C2014C00172.DOCX,92
Australia,2008,AU_RD,"Science, Research and Innovation","Science, Research and Innovation",AU_ARC,,Australian Research Council,Australian Research Council,14922000.0,,direct_rd,direct_rd,Direct R&D,include,0.95,ARC: Australian Research Council — competitive grants to universities,8.0,0.8,include,2008 No1 C2012C00882.doc,58
Australia,2019,AU_RD,"Science, Research and Innovation","Science, Research and Innovation",AU_ARC,,Australian Research Council,Australian Research Council,36813000.0,,direct_rd,direct_rd,Direct R&D,include,0.95,ARC: Australian Research Council — competitive grants to universities,8.0,0.8,include,2019 No1 C2018A00050.docx,1
Australia,2024,AU_RD,"Science, Research and Innovation","Science, Research and Innovation",AU_ARC,,Australian Research Council,Australian Research Council,34537000.0,,direct_rd,direct_rd,Direct R&D,include,0.95,ARC: Australian Research Council — competitive grants to universities,8.0,0.8,include,2024 No1 C2023A00031.docx,50
Australia,1997,AU_RD,"Science, Research and Innovation","Science, Research and Innovation",AU_DEPT_SCIENCE,,Department of Industry and Science,Department of Industry and Science,32510000.0,,direct_rd,direct_rd,Direct R&D,include,0.95,Department of Science: portfolio coordination of R&D agencies,8.0,0.8,include,C1997A00036.docx,6
Australia,1999,AU_RD,"Science, Research and Innovation","Science, Research and Innovation",AU_DEPT_SCIENCE,,Department of Industry and Science,Department of Industry and Science,17145000.0,,direct_rd,direct_rd,Direct R&D,include,0.95,Department of Science: portfolio coordination of R&D agencies,8.0,0.8,include,C1999A00025.docx,5
Australia,1997,AU_RD,"Science, Research and Innovation","Science, Research and Innovation",AU_AIMS,,Australian Institute of Marine Science,Australian Institute of Marine Science,16445000.0,,direct_rd,direct_rd,Direct R&D,include,0.95,AIMS: Australian Institute of Marine Science — intramural R&D,8.0,0.8,include,1997 No1 C1996A00065.docx,67
Australia,2022,AU_RD,"Science, Research and Innovation","Science, Research and Innovation",AU_AIMS,,Australian Institute of Marine Science,Australian Institute of Marine Science,45548000.0,,direct_rd,direct_rd,Direct R&D,include,0.95,AIMS: Australian Institute of Marine Science — intramural R&D,8.0,0.8,include,2022 No1 C2021A00067.docx,82
Australia,2023,AU_RD,"Science, Research and Innovation","Science, Research and Innovation",AU_AIMS,,Australian Institute of Marine Science,Australian Institute of Marine Science,45548000.0,,direct_rd,direct_rd,Direct R&D,include,0.95,AIMS: Australian Institute of Marine Science — intramural R&D,8.0,0.8,include,2023 No1 C2022A00067.docx,33
Australia,2021,AU_RD,"Science, Research and Innovation","Science, Research and Innovation",AU_AIMS,,Australian Institute of Marine Science,Australian Institute of Marine Science,44773000.0,,direct_rd,direct_rd,Direct R&D,include,0.95,AIMS: Australian Institute of Marine Science — intramural R&D,8.0,0.8,include,2021 No1 C2020A00109.docx,83
Australia,2017,AU_RD,"Science, Research and Innovation","Science, Research and Innovation",AU_AIMS,,Australian Institute of Marine Science,Australian Institute of Marine Science,40483000.0,,direct_rd,direct_rd,Direct R&D,include,0.95,AIMS: Australian Institute of Marine Science — intramural R&D,8.0,0.8,include,2017 No1 C2016A00069.docx,8
Australia,2018,AU_RD,"Science, Research and Innovation","Science, Research and Innovation",AU_AIMS,,Australian Institute of Marine Science,Australian Institute of Marine Science,41916000.0,,direct_rd,direct_rd,Direct R&D,include,0.95,AIMS: Australian Institute of Marine Science — intramural R&D,8.0,0.8,include,2018 No1 C2017A00060.docx,3
Australia,1995,AU_RD,"Science, Research and Innovation","Science, Research and Innovation",AU_AIMS,,Australian Institute of Marine Science,Australian Institute of Marine Science,16268000.0,,direct_rd,direct_rd,Direct R&D,include,0.95,AIMS: Australian Institute of Marine Science — intramural R&D,8.0,0.8,include,1995 No1 C1994A00088.docx,61
Australia,1999,AU_RD,"Science, Research and Innovation","Science, Research and Innovation",AU_AIMS,,Australian Institute of Marine Science,Australian Institute of Marine Science,16506000.0,,direct_rd,direct_rd,Direct R&D,include,0.95,AIMS: Australian Institute of Marine Science — intramural R&D,8.0,0.8,include,1999 No1 C1998A00070.docx,55
Australia,2016,AU_RD,"Science, Research and Innovation","Science, Research and Innovation",AU_AIMS,,Australian Institute of Marine Science,Australian Institute of Marine Science,40483000.0,,direct_rd,direct_rd,Direct R&D,include,0.95,AIMS: Australian Institute of Marine Science — intramural R&D,8.0,0.8,include,2016 No1 C2015A00076.docx,2
Australia,1998,AU_RD,"Science, Research and Innovation","Science, Research and Innovation",AU_AIMS,,Australian Institute of Marine Science,Australian Institute of Marine Science,16388000.0,,direct_rd,direct_rd,Direct R&D,include,0.95,AIMS: Australian Institute of Marine Science — intramural R&D,8.0,0.8,include,1998 No1 C1997A00089.docx,62
Australia,2026,AU_RD,"Science, Research and Innovation","Science, Research and Innovation",AU_AIMS,Australian Institute of Marine Science,Australian Institute of Marine Science,Australian Institute of Marine Science,81869000.0,AUD,direct_rd,direct_rd,Direct R&D,include,0.9,The record includes a clear R&D institution keyword and a direct appropriation.,8.0,0.8,review,2026 No1 C2025A00047.docx,27
Australia,2009,AU_RD,"Science, Research and Innovation","Science, Research and Innovation",AU_AIMS,,Australian Institute of Marine Science,Australian Institute of Marine Science,27701000.0,,direct_rd,direct_rd,Direct R&D,include,0.95,AIMS: Australian Institute of Marine Science — intramural R&D,8.0,0.8,include,2009 No1 C2013C00309.DOCX,114
Australia,2010,AU_RD,"Science, Research and Innovation","Science, Research and Innovation",AU_AIMS,,Australian Institute of Marine Science,Australian Institute of Marine Science,27949000.0,,direct_rd,direct_rd,Direct R&D,include,0.95,AIMS: Australian Institute of Marine Science — intramural R&D,8.0,0.8,include,2010 No1 C2012C00874.doc,119
Australia,2024,AU_RD,"Science, Research and Innovation","Science, Research and Innovation",AU_AIMS,Australian Institute of Marine Science,Australian Institute of Marine Science,Australian Institute of Marine Science,319090000.0,AUD,direct_rd,direct_rd,Direct R&D,include,0.9,The record includes a clear R&D institution keyword and a direct appropriation.,8.0,0.8,review,2024 No1 C2023A00031.docx,32
Australia,2007,AU_RD,"Science, Research and Innovation","Science, Research and Innovation",AU_AIMS,,Australian Institute of Marine Science,Australian Institute of Marine Science,23125000.0,,direct_rd,direct_rd,Direct R&D,include,0.95,AIMS: Australian Institute of Marine Science — intramural R&D,8.0,0.8,include,2007 No1 C2012C00879.doc,59
Australia,2008,AU_RD,"Science, Research and Innovation","Science, Research and Innovation",AU_AIMS,,Australian Institute of Marine Science,Australian Institute of Marine Science,24470000.0,,direct_rd,direct_rd,Direct R&D,include,0.95,AIMS: Australian Institute of Marine Science — intramural R&D,8.0,0.8,include,2008 No1 C2012C00882.doc,58
Australia,2003,AU_RD,"Science, Research and Innovation","Science, Research and Innovation",AU_AIMS,,Australian Institute of Marine Science,Australian Institute of Marine Science,24537000.0,,direct_rd,direct_rd,Direct R&D,include,0.95,AIMS: Australian Institute of Marine Science — intramural R&D,8.0,0.8,include,2003 No1 C2008C00466.doc,56
Australia,2002,AU_RD,"Science, Research and Innovation","Science, Research and Innovation",AU_AIMS,,Australian Institute of Marine Science,Australian Institute of Marine Science,24537000.0,,direct_rd,direct_rd,Direct R&D,include,0.95,AIMS: Australian Institute of Marine Science — intramural R&D,8.0,0.8,include,2002 No3-2 C2004A00939VOL02.doc,25
Australia,2014,AU_RD,"Science, Research and Innovation","Science, Research and Innovation",AU_AIMS,,Australian Institute of Marine Science,Australian Institute of Marine Science,33280000.0,,direct_rd,direct_rd,Direct R&D,include,0.95,AIMS: Australian Institute of Marine Science — intramural R&D,8.0,0.8,include,2014 No1 C2014C00349.DOCX,9
Australia,2013,AU_RD,"Science, Research and Innovation","Science, Research and Innovation",AU_AIMS,,Australian Institute of Marine Science,Australian Institute of Marine Science,31562000.0,,direct_rd,direct_rd,Direct R&D,include,0.95,AIMS: Australian Institute of Marine Science — intramural R&D,8.0,0.8,include,2013 No1 C2014C00172.DOCX,92
Australia,2012,AU_RD,"Science, Research and Innovation","Science, Research and Innovation",AU_AIMS,,Australian Institute of Marine Science,Australian Institute of Marine Science,31245000.0,,direct_rd,direct_rd,Direct R&D,include,0.95,AIMS: Australian Institute of Marine Science — intramural R&D,8.0,0.8,include,2012 No1 C2013C00531.DOCX,98
Australia,2011,AU_RD,"Science, Research and Innovation","Science, Research and Innovation",AU_AIMS,,Australian Institute of Marine Science,Australian Institute of Marine Science,30883000.0,,direct_rd,direct_rd,Direct R&D,include,0.95,AIMS: Australian Institute of Marine Science — intramural R&D,8.0,0.8,include,2011 No1 C2012C00506.doc,7
Australia,2015,AU_RD,"Science, Research and Innovation","Science, Research and Innovation",AU_AIMS,,Australian Institute of Marine Science,Australian Institute of Marine Science,38796000.0,,direct_rd,direct_rd,Direct R&D,include,0.95,AIMS: Australian Institute of Marine Science — intramural R&D,8.0,0.8,include,2015 No1 C2014A00063.docx,12
Australia,2005,AU_RD,"Science, Research and Innovation","Science, Research and Innovation",AU_AIMS,,Australian Institute of Marine Science,Australian Institute of Marine Science,22134000.0,,direct_rd,direct_rd,Direct R&D,include,0.95,AIMS: Australian Institute of Marine Science — intramural R&D,8.0,0.8,include,2005 No1 C2009C00499.doc,63
Australia,2019,AU_RD,"Science, Research and Innovation","Science, Research and Innovation",AU_AIMS,,Australian Institute of Marine Science,Australian Institute of Marine Science,47377000.0,,direct_rd,direct_rd,Direct R&D,include,0.95,AIMS: Australian Institute of Marine Science — intramural R&D,8.0,0.8,include,2019 No1 C2018A00050.docx,1
Australia,2020,AU_RD,"Science, Research and Innovation","Science, Research and Innovation",AU_AIMS,,Australian Institute of Marine Science,Australian Institute of Marine Science,47377000.0,,direct_rd,direct_rd,Direct R&D,include,0.95,AIMS: Australian Institute of Marine Science — intramural R&D,8.0,0.8,include,2020 No1 C2019A00100.docx,103
Australia,1975,AU_RD,"Science, Research and Innovation","Science, Research and Innovation",AU_AIMS,Australian Institute of Marine Science,Australian Institute of Marine Science,Australian Institute of Marine Science,480000.0,AUD,direct_rd,direct_rd,Direct R&D,include,1.0,The record includes a core R&D phrase and an institution keyword.,8.0,0.8,review,1975 No1 C2004A00152.docx,102
Australia,1980,AU_RD,"Science, Research and Innovation","Science, Research and Innovation",AU_AIMS,Australian Institute of Marine Science,Australian Institute of Marine Science,Australian Institute of Marine Science,657000.0,AUD,direct_rd,direct_rd,Direct R&D,include,1.0,The line includes a known R&D institution and a budget instrument.,8.0,0.8,review,1980 No4 C2004A02263.docx,11
Australia,1987,AU_RD,"Science, Research and Innovation","Science, Research and Innovation",AU_AIMS,Australian Institute of Marine Science,Australian Institute of Marine Science,Australian Institute of Marine Science,704700.0,AUD,direct_rd,direct_rd,Direct R&D,include,0.9,The line includes a clear R&D institution and is associated with a budget instrument.,8.0,0.8,review,1987 No1 C2004A03358.docx,82
Australia,1977,AU_RD,"Science, Research and Innovation","Science, Research and Innovation",AU_AIMS,Australian Institute of Marine Science,Australian Institute of Marine Science,Australian Institute of Marine Science,1237360.0,AUD,direct_rd,direct_rd,Direct R&D,include,1.0,The line contains the institution keyword 'Australian Institute of Marine Science' and is associated with a direct R&D budget.,8.0,0.8,review,1977 No1 C2004A01546.docx,114
Australia,1978,AU_RD,"Science, Research and Innovation","Science, Research and Innovation",AU_AIMS,Australian Institute of Marine Science,Australian Institute of Marine Science,Australian Institute of Marine Science,1450000.0,AUD,direct_rd,direct_rd,Direct R&D,include,1.0,The line includes a clear R&D institution and is associated with a direct R&D budget.,8.0,0.8,review,1978 No1 C2004A01777.docx,113
Australia,1979,AU_RD,"Science, Research and Innovation","Science, Research and Innovation",AU_AIMS,Australian Institute of Marine Science,Australian Institute of Marine Science,Australian Institute of Marine Science,1950000.0,AUD,direct_rd,direct_rd,Direct R&D,include,1.0,The line includes a known R&D institution and is associated with a budget instrument.,8.0,0.8,review,1979 No1 C2004A01940.docx,114
Australia,1982,AU_RD,"Science, Research and Innovation","Science, Research and Innovation",AU_AIMS,,Australian Institute of Marine Science,Australian Institute of Marine Science,4662000.0,,direct_rd,direct_rd,Direct R&D,include,0.95,AIMS: Australian Institute of Marine Science — intramural R&D,8.0,0.8,include,1982 No1 C2004A02541.docx,101
Australia,1981,AU_RD,"Science, Research and Innovation","Science, Research and Innovation",AU_AIMS,,Australian Institute of Marine Science,Australian Institute of Marine Science,4756000.0,,direct_rd,direct_rd,Direct R&D,include,0.95,AIMS: Australian Institute of Marine Science — intramural R&D,8.0,0.8,include,1981 No1 C2004A02342.docx,106
Australia,1976,AU_RD,"Science, Research and Innovation","Science, Research and Innovation",AU_AIMS,Australian Institute of Marine Science,Australian Institute of Marine Science,Australian Institute of Marine Science,1304000.0,AUD,direct_rd,direct_rd,Direct R&D,include,1.0,The line includes a clear R&D institution and is associated with a budget instrument.,8.0,0.8,review,1976 No1 C2004A01425.docx,103
Australia,1985,AU_RD,"Science, Research and Innovation","Science, Research and Innovation",AU_AIMS,,Australian Institute of Marine Science,Australian Institute of Marine Science,6500000.0,,direct_rd,direct_rd,Direct R&D,include,0.95,AIMS: Australian Institute of Marine Science — intramural R&D,8.0,0.8,include,1985 No1 C2004A03034.docx,68
Australia,1986,AU_RD,"Science, Research and Innovation","Science, Research and Innovation",AU_AIMS,,Australian Institute of Marine Science,Australian Institute of Marine Science,6895000.0,,direct_rd,direct_rd,Direct R&D,include,0.95,AIMS: Australian Institute of Marine Science — intramural R&D,8.0,0.8,include,1986 No1 C2004A03177.docx,73
Australia,1988,AU_RD,"Science, Research and Innovation","Science, Research and Innovation",AU_AIMS,,Australian Institute of Marine Science,Australian Institute of Marine Science,8588400.0,,direct_rd,direct_rd,Direct R&D,include,0.95,AIMS: Australian Institute of Marine Science — intramural R&D,8.0,0.8,include,1988 No1 C2004A03521.docx,64
Australia,1990,AU_RD,"Science, Research and Innovation","Science, Research and Innovation",AU_AIMS,,Australian Institute of Marine Science,Australian Institute of Marine Science,11090700.0,,direct_rd,direct_rd,Direct R&D,include,0.95,AIMS: Australian Institute of Marine Science — intramural R&D,8.0,0.8,include,1990 No1 C2004A03903.docx,57
Australia,1991,AU_RD,"Science, Research and Innovation","Science, Research and Innovation",AU_AIMS,,Australian Institute of Marine Science,Australian Institute of Marine Science,11794300.0,,direct_rd,direct_rd,Direct R&D,include,0.95,AIMS: Australian Institute of Marine Science — intramural R&D,8.0,0.8,include,1991 No1 C2004A04029.docx,65
Australia,2025,AU_RD,"Science, Research and Innovation","Science, Research and Innovation",AU_AIMS,Australian Institute of Marine Science,Australian Institute of Marine Science,Australian Institute of Marine Science,465264000.0,AUD,direct_rd,direct_rd,Direct R&D,include,1.0,The line includes a clear R&D institution keyword and a direct R&D budget allocation.,8.0,0.8,review,2025 No1 C2024A00047.docx,31
Australia,1992,AU_RD,"Science, Research and Innovation","Science, Research and Innovation",AU_AIMS,,Australian Institute of Marine Science,Australian Institute of Marine Science,13494000.0,,direct_rd,direct_rd,Direct R&D,include,0.95,AIMS: Australian Institute of Marine Science — intramural R&D,8.0,0.8,include,1992 No1 C2004A04239.docx,60
Australia,1984,AU_RD,"Science, Research and Innovation","Science, Research and Innovation",AU_AIMS,,Australian Institute of Marine Science,Australian Institute of Marine Science,6300000.0,,direct_rd,direct_rd,Direct R&D,include,0.95,AIMS: Australian Institute of Marine Science — intramural R&D,8.0,0.8,include,C1984A02815.docx,85
Australia,2013,AU_RD,"Science, Research and Innovation","Science, Research and Innovation",AU_NHMRC,,National Health and Medical Research Council,National Health and Medical Research Council,811942000.0,,direct_rd,direct_rd,Direct R&D,include,0.95,NHMRC: National Health & Medical Research Council — health R&D grants,9.5,0.8,include,2013 No1 C2014C00172.DOCX,72
Australia,2014,AU_RD,"Science, Research and Innovation","Science, Research and Innovation",AU_NHMRC,,National Health and Medical Research Council,National Health and Medical Research Council,823913000.0,,direct_rd,direct_rd,Direct R&D,include,0.95,NHMRC: National Health & Medical Research Council — health R&D grants,9.5,0.8,include,2014 No1 C2014C00349.DOCX,7
Australia,2016,AU_RD,"Science, Research and Innovation","Science, Research and Innovation",AU_NHMRC,,National Health and Medical Research Council,National Health and Medical Research Council,885024000.0,,direct_rd,direct_rd,Direct R&D,include,0.95,NHMRC: National Health & Medical Research Council — health R&D grants,9.5,0.8,include,2016 No1 C2015A00076.docx,2
Australia,2018,AU_RD,"Science, Research and Innovation","Science, Research and Innovation",AU_NHMRC,,National Health and Medical Research Council,National Health and Medical Research Council,911108000.0,,direct_rd,direct_rd,Direct R&D,include,0.95,NHMRC: National Health & Medical Research Council — health R&D grants,9.5,0.8,include,2018 No1 C2017A00060.docx,3
Australia,2015,AU_RD,"Science, Research and Innovation","Science, Research and Innovation",AU_NHMRC,,National Health and Medical Research Council,National Health and Medical Research Council,947874000.0,,direct_rd,direct_rd,Direct R&D,include,0.95,NHMRC: National Health & Medical Research Council — health R&D grants,9.5,0.8,include,2015 No1 C2014A00063.docx,10
Australia,2022,AU_RD,"Science, Research and Innovation","Science, Research and Innovation",AU_NHMRC,,National Health and Medical Research Council,National Health and Medical Research Council,915514000.0,,direct_rd,direct_rd,Direct R&D,include,0.95,NHMRC: National Health & Medical Research Council — health R&D grants,9.5,0.8,include,2022 No1 C2021A00067.docx,58
Australia,2019,AU_RD,"Science, Research and Innovation","Science, Research and Innovation",AU_NHMRC,,National Health and Medical Research Council,National Health and Medical Research Council,920515000.0,,direct_rd,direct_rd,Direct R&D,include,0.95,NHMRC: National Health & Medical Research Council — health R&D grants,9.5,0.8,include,2019 No1 C2018A00050.docx,1
Australia,2024,AU_RD,"Science, Research and Innovation","Science, Research and Innovation",AU_NHMRC,,National Health and Medical Research Council,National Health and Medical Research Council,961379000.0,,direct_rd,direct_rd,Direct R&D,include,0.95,NHMRC: National Health & Medical Research Council — health R&D grants,9.5,0.8,include,2024 No1 C2023A00031.docx,73
Australia,1997,AU_RD,"Science, Research and Innovation","Science, Research and Innovation",AU_NHMRC,,National Health and Medical Research Council,National Health and Medical Research Council,159251090.0,,direct_rd,direct_rd,Direct R&D,include,0.95,NHMRC: National Health & Medical Research Council — health R&D grants,9.5,0.8,include,1997 No1 C1996A00065.docx,54
Australia,2009,AU_RD,"Science, Research and Innovation","Science, Research and Innovation",AU_NHMRC,,National Health and Medical Research Council,National Health and Medical Research Council,657296000.0,,direct_rd,direct_rd,Direct R&D,include,0.95,NHMRC: National Health & Medical Research Council — health R&D grants,9.5,0.8,include,2009 No1 C2013C00309.DOCX,89
Australia,2007,AU_RD,"Science, Research and Innovation","Science, Research and Innovation",AU_NHMRC,National Health and Medical Research Council,National Health and Medical Research Council,National Health and Medical Research Council,23985000.0,AUD,direct_rd,direct_rd,Direct R&D,include,1.0,The line includes a known R&D institution (National Health and Medical Research Council) and is associated with a budget instrument.,9.5,0.8,review,2007 No3 C2013C00330.DOCX,60
Australia,1996,AU_RD,"Science, Research and Innovation","Science, Research and Innovation",AU_NHMRC,,National Health and Medical Research Council,National Health and Medical Research Council,144856000.0,,direct_rd,direct_rd,Direct R&D,include,0.95,NHMRC: National Health & Medical Research Council — health R&D grants,9.5,0.8,include,1996 No1 C1995A00060.docx,48
Australia,2010,AU_RD,"Science, Research and Innovation","Science, Research and Innovation",AU_NHMRC,,National Health and Medical Research Council,National Health and Medical Research Council,743908000.0,,direct_rd,direct_rd,Direct R&D,include,0.95,NHMRC: National Health & Medical Research Council — health R&D grants,9.5,0.8,include,2010 No1 C2012C00874.doc,91
Australia,1998,AU_RD,"Science, Research and Innovation","Science, Research and Innovation",AU_NHMRC,,National Health and Medical Research Council,National Health and Medical Research Council,156439000.0,,direct_rd,direct_rd,Direct R&D,include,0.95,NHMRC: National Health & Medical Research Council — health R&D grants,9.5,0.8,include,1998 No1 C1997A00089.docx,49
Australia,1999,AU_RD,"Science, Research and Innovation","Science, Research and Innovation",AU_NHMRC,,National Health and Medical Research Council,National Health and Medical Research Council,156387000.0,,direct_rd,direct_rd,Direct R&D,include,0.95,NHMRC: National Health & Medical Research Council — health R&D grants,9.5,0.8,include,1999 No1 C1998A00070.docx,45
Australia,2020,AU_RD,"Science, Research and Innovation","Science, Research and Innovation",AU_NHMRC,,National Health and Medical Research Council,National Health and Medical Research Council,520547000.0,,direct_rd,direct_rd,Direct R&D,include,0.95,NHMRC: National Health & Medical Research Council — health R&D grants,9.5,0.8,include,2020 No1 C2019A00100.docx,78
Australia,2008,AU_RD,"Science, Research and Innovation","Science, Research and Innovation",AU_NHMRC,,National Health and Medical Research Council,National Health and Medical Research Council,563031000.0,,direct_rd,direct_rd,Direct R&D,include,0.95,NHMRC: National Health & Medical Research Council — health R&D grants,9.5,0.8,include,2008 No1 C2012C00882.doc,100
Australia,2026,AU_RD,"Science, Research and Innovation","Science, Research and Innovation",AU_NHMRC,,National Health and Medical Research Council,National Health and Medical Research Council,596620000.0,,direct_rd,direct_rd,Direct R&D,include,0.95,NHMRC: National Health & Medical Research Council — health R&D grants,9.5,0.8,include,2026 No1 C2025A00047.docx,70
Australia,2025,AU_RD,"Science, Research and Innovation","Science, Research and Innovation",AU_NHMRC,,National Health and Medical Research Council,National Health and Medical Research Council,992310000.0,,direct_rd,direct_rd,Direct R&D,include,0.95,NHMRC: National Health & Medical Research Council — health R&D grants,9.5,0.8,include,2025 No1 C2024A00047.docx,74
Australia,1989,AU_RD,"Science, Research and Innovation","Science, Research and Innovation",AU_ANSTO,,Australian Nuclear Science and Technology Organisation,Australian Nuclear Science and Technology Organisation,42592700.0,,direct_rd,direct_rd,Direct R&D,include,0.95,ANSTO: Australian nuclear science and technology — intramural R&D,8.0,0.8,include,1989 No1 C2004A03695.docx,53
Australia,1992,AU_RD,"Science, Research and Innovation","Science, Research and Innovation",AU_ANSTO,,Australian Nuclear Science and Technology Organisation,Australian Nuclear Science and Technology Organisation,43665700.0,,direct_rd,direct_rd,Direct R&D,include,0.95,ANSTO: Australian nuclear science and technology — intramural R&D,8.0,0.8,include,1992 No1 C2004A04239.docx,60
Australia,1991,AU_RD,"Science, Research and Innovation","Science, Research and Innovation",AU_ANSTO,,Australian Nuclear Science and Technology Organisation,Australian Nuclear Science and Technology Organisation,44026500.0,,direct_rd,direct_rd,Direct R&D,include,0.95,ANSTO: Australian nuclear science and technology — intramural R&D,8.0,0.8,include,1991 No1 C2004A04029.docx,66
Australia,1990,AU_RD,"Science, Research and Innovation","Science, Research and Innovation",AU_ANSTO,,Australian Nuclear Science and Technology Organisation,Australian Nuclear Science and Technology Organisation,45770700.0,,direct_rd,direct_rd,Direct R&D,include,0.95,ANSTO: Australian nuclear science and technology — intramural R&D,8.0,0.8,include,1990 No1 C2004A03903.docx,57
Australia,1994,AU_RD,"Science, Research and Innovation","Science, Research and Innovation",AU_ANSTO,,Australian Nuclear Science and Technology Organisation,Australian Nuclear Science and Technology Organisation,46628000.0,,direct_rd,direct_rd,Direct R&D,include,0.95,ANSTO: Australian nuclear science and technology — intramural R&D,8.0,0.8,include,1994 No1 C2004A04627.docx,63
Australia,1988,AU_RD,"Science, Research and Innovation","Science, Research and Innovation",AU_ANSTO,,Australian Nuclear Science and Technology Organisation,Australian Nuclear Science and Technology Organisation,41301000.0,,direct_rd,direct_rd,Direct R&D,include,0.95,ANSTO: Australian nuclear science and technology — intramural R&D,8.0,0.8,include,1988 No1 C2004A03521.docx,61
Australia,2013,AU_RD,"Science, Research and Innovation","Science, Research and Innovation",AU_ANSTO,,Australian Nuclear Science and Technology Organisation,Australian Nuclear Science and Technology Organisation,159222000.0,,direct_rd,direct_rd,Direct R&D,include,0.95,ANSTO: Australian nuclear science and technology — intramural R&D,8.0,0.8,include,2013 No1 C2014C00172.DOCX,92
Australia,2015,AU_RD,"Science, Research and Innovation","Science, Research and Innovation",AU_ANSTO,,Australian Nuclear Science and Technology Organisation,Australian Nuclear Science and Technology Organisation,162751000.0,,direct_rd,direct_rd,Direct R&D,include,0.95,ANSTO: Australian nuclear science and technology — intramural R&D,8.0,0.8,include,2015 No1 C2014A00063.docx,12
Australia,2014,AU_RD,"Science, Research and Innovation","Science, Research and Innovation",AU_ANSTO,,Australian Nuclear Science and Technology Organisation,Australian Nuclear Science and Technology Organisation,162751000.0,,direct_rd,direct_rd,Direct R&D,include,0.95,ANSTO: Australian nuclear science and technology — intramural R&D,8.0,0.8,include,2014 No1 C2014C00349.DOCX,9
Australia,2012,AU_RD,"Science, Research and Innovation","Science, Research and Innovation",AU_ANSTO,,Australian Nuclear Science and Technology Organisation,Australian Nuclear Science and Technology Organisation,165579000.0,,direct_rd,direct_rd,Direct R&D,include,0.95,ANSTO: Australian nuclear science and technology — intramural R&D,8.0,0.8,include,2012 No1 C2013C00531.DOCX,98
Australia,2011,AU_RD,"Science, Research and Innovation","Science, Research and Innovation",AU_ANSTO,,Australian Nuclear Science and Technology Organisation,Australian Nuclear Science and Technology Organisation,165579000.0,,direct_rd,direct_rd,Direct R&D,include,0.95,ANSTO: Australian nuclear science and technology — intramural R&D,8.0,0.8,include,2011 No1 C2012C00506.doc,7
Australia,2010,AU_RD,"Science, Research and Innovation","Science, Research and Innovation",AU_ANSTO,,Australian Nuclear Science and Technology Organisation,Australian Nuclear Science and Technology Organisation,173115000.0,,direct_rd,direct_rd,Direct R&D,include,0.95,ANSTO: Australian nuclear science and technology — intramural R&D,8.0,0.8,include,2010 No1 C2012C00874.doc,116
Australia,2009,AU_RD,"Science, Research and Innovation","Science, Research and Innovation",AU_ANSTO,,Australian Nuclear Science and Technology Organisation,Australian Nuclear Science and Technology Organisation,173115000.0,,direct_rd,direct_rd,Direct R&D,include,0.95,ANSTO: Australian nuclear science and technology — intramural R&D,8.0,0.8,include,2009 No1 C2013C00309.DOCX,114
Australia,2004,AU_RD,"Science, Research and Innovation","Science, Research and Innovation",AU_ANSTO,,Australian Nuclear Science and Technology Organisation,Australian Nuclear Science and Technology Organisation,182087000.0,,direct_rd,direct_rd,Direct R&D,include,0.95,ANSTO: Australian nuclear science and technology — intramural R&D,8.0,0.8,include,2004 No1 C2008C00465.doc,59
Australia,2018,AU_RD,"Science, Research and Innovation","Science, Research and Innovation",AU_ANSTO,,Australian Nuclear Science and Technology Organisation,Australian Nuclear Science and Technology Organisation,198119000.0,,direct_rd,direct_rd,Direct R&D,include,0.95,ANSTO: Australian nuclear science and technology — intramural R&D,8.0,0.8,include,2018 No1 C2017A00060.docx,3
Australia,2020,AU_RD,"Science, Research and Innovation","Science, Research and Innovation",AU_ANSTO,,Australian Nuclear Science and Technology Organisation,Australian Nuclear Science and Technology Organisation,214072000.0,,direct_rd,direct_rd,Direct R&D,include,0.95,ANSTO: Australian nuclear science and technology — intramural R&D,8.0,0.8,include,2020 No1 C2019A00100.docx,103
Australia,2019,AU_RD,"Science, Research and Innovation","Science, Research and Innovation",AU_ANSTO,,Australian Nuclear Science and Technology Organisation,Australian Nuclear Science and Technology Organisation,214072000.0,,direct_rd,direct_rd,Direct R&D,include,0.95,ANSTO: Australian nuclear science and technology — intramural R&D,8.0,0.8,include,2019 No1 C2018A00050.docx,1
Australia,2023,AU_RD,"Science, Research and Innovation","Science, Research and Innovation",AU_ANSTO,,Australian Nuclear Science and Technology Organisation,Australian Nuclear Science and Technology Organisation,279506000.0,,direct_rd,direct_rd,Direct R&D,include,0.95,ANSTO: Australian nuclear science and technology — intramural R&D,8.0,0.8,include,2023 No1 C2022A00067.docx,93
Australia,1997,AU_RD,"Science, Research and Innovation","Science, Research and Innovation",AU_ANSTO,,Australian Nuclear Science and Technology Organisation,Australian Nuclear Science and Technology Organisation,47431000.0,,direct_rd,direct_rd,Direct R&D,include,0.95,ANSTO: Australian nuclear science and technology — intramural R&D,8.0,0.8,include,1997 No1 C1996A00065.docx,67
Australia,2025,AU_RD,"Science, Research and Innovation","Science, Research and Innovation",AU_ANSTO,,Australian Nuclear Science and Technology Organisation,Australian Nuclear Science and Technology Organisation,324464000.0,,direct_rd,direct_rd,Direct R&D,include,0.95,ANSTO: Australian nuclear science and technology — intramural R&D,8.0,0.8,include,2025 No1 C2024A00047.docx,95
Australia,2016,AU_RD,"Science, Research and Innovation","Science, Research and Innovation",AU_ANSTO,,Australian Nuclear Science and Technology Organisation,Australian Nuclear Science and Technology Organisation,157414000.0,,direct_rd,direct_rd,Direct R&D,include,0.95,ANSTO: Australian nuclear science and technology — intramural R&D,8.0,0.8,include,2016 No1 C2015A00076.docx,2
Australia,2017,AU_RD,"Science, Research and Innovation","Science, Research and Innovation",AU_ANSTO,,Australian Nuclear Science and Technology Organisation,Australian Nuclear Science and Technology Organisation,156700000.0,,direct_rd,direct_rd,Direct R&D,include,0.95,ANSTO: Australian nuclear science and technology — intramural R&D,8.0,0.8,include,2017 No1 C2016A00069.docx,8
Australia,2026,AU_RD,"Science, Research and Innovation","Science, Research and Innovation",AU_ANSTO,,Australian Nuclear Science and Technology Organisation,Australian Nuclear Science and Technology Organisation,324464000.0,,direct_rd,direct_rd,Direct R&D,include,0.95,ANSTO: Australian nuclear science and technology — intramural R&D,8.0,0.8,include,2026 No1 C2025A00047.docx,94
Australia,2008,AU_RD,"Science, Research and Innovation","Science, Research and Innovation",AU_ANSTO,,Australian Nuclear Science and Technology Organisation,Australian Nuclear Science and Technology Organisation,141578000.0,,direct_rd,direct_rd,Direct R&D,include,0.95,ANSTO: Australian nuclear science and technology — intramural R&D,8.0,0.8,include,2008 No1 C2012C00882.doc,58
Australia,2003,AU_RD,"Science, Research and Innovation","Science, Research and Innovation",AU_ANSTO,,Australian Nuclear Science and Technology Organisation,Australian Nuclear Science and Technology Organisation,152364000.0,,direct_rd,direct_rd,Direct R&D,include,0.95,ANSTO: Australian nuclear science and technology — intramural R&D,8.0,0.8,include,2003 No1 C2008C00466.doc,56
Australia,1998,AU_RD,"Science, Research and Innovation","Science, Research and Innovation",AU_ANSTO,,Australian Nuclear Science and Technology Organisation,Australian Nuclear Science and Technology Organisation,53950000.0,,direct_rd,direct_rd,Direct R&D,include,0.95,ANSTO: Australian nuclear science and technology — intramural R&D,8.0,0.8,include,1998 No1 C1997A00089.docx,62
Australia,2022,AU_RD,"Science, Research and Innovation","Science, Research and Innovation",AU_ANSTO,,Australian Nuclear Science and Technology Organisation,Australian Nuclear Science and Technology Organisation,54338000.0,,direct_rd,direct_rd,Direct R&D,include,0.95,ANSTO: Australian nuclear science and technology — intramural R&D,8.0,0.8,include,2022 No1 C2021A00067.docx,82
Australia,1999,AU_RD,"Science, Research and Innovation","Science, Research and Innovation",AU_ANSTO,,Australian Nuclear Science and Technology Organisation,Australian Nuclear Science and Technology Organisation,57554000.0,,direct_rd,direct_rd,Direct R&D,include,0.95,ANSTO: Australian nuclear science and technology — intramural R&D,8.0,0.8,include,1999 No1 C1998A00070.docx,55
Australia,1987,AU_RD,"Science, Research and Innovation","Science, Research and Innovation",AU_ANSTO,Australian Nuclear Science and Technology Organisation,Australian Nuclear Science and Technology Organisation,Australian Nuclear Science and Technology Organisation,100000.0,AUD,direct_rd,direct_rd,Direct R&D,include,0.9,"The line includes a clear R&D institution and a budget amount, qualifying it for inclusion as intramural R&D.",8.0,0.8,review,1987 No1 C2004A03358.docx,76
Australia,2002,AU_RD,"Science, Research and Innovation","Science, Research and Innovation",AU_ANSTO,,Australian Nuclear Science and Technology Organisation,Australian Nuclear Science and Technology Organisation,130624000.0,,direct_rd,direct_rd,Direct R&D,include,0.95,ANSTO: Australian nuclear science and technology — intramural R&D,8.0,0.8,include,2002 No3-2 C2004A00939VOL02.doc,25
Australia,1976,AU_RD,"Science, Research and Innovation","Science, Research and Innovation",AU_CSIRO,,Commonwealth Scientific and Industrial Research Organisation,Commonwealth Scientific and Industrial Research Organisation,89501604.0,,direct_rd,direct_rd,Direct R&D,include,0.95,CSIRO: Australia's national science agency — intramural R&D,8.0,0.8,include,1976 No1 C2004A01425.docx,97
Australia,2007,AU_RD,"Science, Research and Innovation","Science, Research and Innovation",AU_CSIRO,,Commonwealth Scientific and Industrial Research Organisation,Commonwealth Scientific and Industrial Research Organisation,593928000.0,,direct_rd,direct_rd,Direct R&D,include,0.95,CSIRO: Australia's national science agency — intramural R&D,8.0,0.8,include,2007 No1 C2012C00879.doc,59
Australia,2008,AU_RD,"Science, Research and Innovation","Science, Research and Innovation",AU_CSIRO,,Commonwealth Scientific and Industrial Research Organisation,Commonwealth Scientific and Industrial Research Organisation,610060000.0,,direct_rd,direct_rd,Direct R&D,include,0.95,CSIRO: Australia's national science agency — intramural R&D,8.0,0.8,include,2008 No1 C2012C00882.doc,58
Australia,2003,AU_RD,"Science, Research and Innovation","Science, Research and Innovation",AU_CSIRO,,Commonwealth Scientific and Industrial Research Organisation,Commonwealth Scientific and Industrial Research Organisation,612491000.0,,direct_rd,direct_rd,Direct R&D,include,0.95,CSIRO: Australia's national science agency — intramural R&D,8.0,0.8,include,2003 No1 C2008C00466.doc,56
Australia,2002,AU_RD,"Science, Research and Innovation","Science, Research and Innovation",AU_CSIRO,,Commonwealth Scientific and Industrial Research Organisation,Commonwealth Scientific and Industrial Research Organisation,614713000.0,,direct_rd,direct_rd,Direct R&D,include,0.95,CSIRO: Australia's national science agency — intramural R&D,8.0,0.8,include,2002 No3-2 C2004A00939VOL02.doc,25
Australia,2009,AU_RD,"Science, Research and Innovation","Science, Research and Innovation",AU_CSIRO,,Commonwealth Scientific and Industrial Research Organisation,Commonwealth Scientific and Industrial Research Organisation,668120000.0,,direct_rd,direct_rd,Direct R&D,include,0.95,CSIRO: Australia's national science agency — intramural R&D,8.0,0.8,include,2009 No1 C2013C00309.DOCX,114
Australia,2010,AU_RD,"Science, Research and Innovation","Science, Research and Innovation",AU_CSIRO,,Commonwealth Scientific and Industrial Research Organisation,Commonwealth Scientific and Industrial Research Organisation,711084000.0,,direct_rd,direct_rd,Direct R&D,include,0.95,CSIRO: Australia's national science agency — intramural R&D,8.0,0.8,include,2010 No1 C2012C00874.doc,121
Australia,2011,AU_RD,"Science, Research and Innovation","Science, Research and Innovation",AU_CSIRO,,Commonwealth Scientific and Industrial Research Organisation,Commonwealth Scientific and Industrial Research Organisation,720885000.0,,direct_rd,direct_rd,Direct R&D,include,0.95,CSIRO: Australia's national science agency — intramural R&D,8.0,0.8,include,2011 No1 C2012C00506.doc,7
Australia,2012,AU_RD,"Science, Research and Innovation","Science, Research and Innovation",AU_CSIRO,,Commonwealth Scientific and Industrial Research Organisation,Commonwealth Scientific and Industrial Research Organisation,724939000.0,,direct_rd,direct_rd,Direct R&D,include,0.95,CSIRO: Australia's national science agency — intramural R&D,8.0,0.8,include,2012 No1 C2013C00531.DOCX,98
Australia,2013,AU_RD,"Science, Research and Innovation","Science, Research and Innovation",AU_CSIRO,,Commonwealth Scientific and Industrial Research Organisation,Commonwealth Scientific and Industrial Research Organisation,736774000.0,,direct_rd,direct_rd,Direct R&D,include,0.95,CSIRO: Australia's national science agency — intramural R&D,8.0,0.8,include,2013 No1 C2014C00172.DOCX,92
Australia,2016,AU_RD,"Science, Research and Innovation","Science, Research and Innovation",AU_CSIRO,,Commonwealth Scientific and Industrial Research Organisation,Commonwealth Scientific and Industrial Research Organisation,749681000.0,,direct_rd,direct_rd,Direct R&D,include,0.95,CSIRO: Australia's national science agency — intramural R&D,8.0,0.8,include,2016 No1 C2015A00076.docx,2
Australia,2015,AU_RD,"Science, Research and Innovation","Science, Research and Innovation",AU_CSIRO,,Commonwealth Scientific and Industrial Research Organisation,Commonwealth Scientific and Industrial Research Organisation,757077000.0,,direct_rd,direct_rd,Direct R&D,include,0.95,CSIRO: Australia's national science agency — intramural R&D,8.0,0.8,include,2015 No1 C2014A00063.docx,13
Australia,2014,AU_RD,"Science, Research and Innovation","Science, Research and Innovation",AU_CSIRO,,Commonwealth Scientific and Industrial Research Organisation,Commonwealth Scientific and Industrial Research Organisation,757077000.0,,direct_rd,direct_rd,Direct R&D,include,0.95,CSIRO: Australia's national science agency — intramural R&D,8.0,0.8,include,2014 No1 C2014C00349.DOCX,9
Australia,2018,AU_RD,"Science, Research and Innovation","Science, Research and Innovation",AU_CSIRO,,Commonwealth Scientific and Industrial Research Organisation,Commonwealth Scientific and Industrial Research Organisation,793549000.0,,direct_rd,direct_rd,Direct R&D,include,0.95,CSIRO: Australia's national science agency — intramural R&D,8.0,0.8,include,2018 No1 C2017A00060.docx,3
Australia,2019,AU_RD,"Science, Research and Innovation","Science, Research and Innovation",AU_CSIRO,,Commonwealth Scientific and Industrial Research Organisation,Commonwealth Scientific and Industrial Research Organisation,833661000.0,,direct_rd,direct_rd,Direct R&D,include,0.95,CSIRO: Australia's national science agency — intramural R&D,8.0,0.8,include,2019 No1 C2018A00050.docx,1
Australia,2020,AU_RD,"Science, Research and Innovation","Science, Research and Innovation",AU_CSIRO,,Commonwealth Scientific and Industrial Research Organisation,Commonwealth Scientific and Industrial Research Organisation,834561000.0,,direct_rd,direct_rd,Direct R&D,include,0.95,CSIRO: Australia's national science agency — intramural R&D,8.0,0.8,include,2020 No1 C2019A00100.docx,107
Australia,2021,AU_RD,"Science, Research and Innovation","Science, Research and Innovation",AU_CSIRO,,Commonwealth Scientific and Industrial Research Organisation,Commonwealth Scientific and Industrial Research Organisation,837873000.0,,direct_rd,direct_rd,Direct R&D,include,0.95,CSIRO: Australia's national science agency — intramural R&D,8.0,0.8,include,2021 No1 C2020A00109.docx,89
Australia,2023,AU_RD,"Science, Research and Innovation","Science, Research and Innovation",AU_CSIRO,,Commonwealth Scientific and Industrial Research Organisation,Commonwealth Scientific and Industrial Research Organisation,949037000.0,,direct_rd,direct_rd,Direct R&D,include,0.95,CSIRO: Australia's national science agency — intramural R&D,8.0,0.8,include,2023 No1 C2022A00067.docx,96
Australia,2022,AU_RD,"Science, Research and Innovation","Science, Research and Innovation",AU_CSIRO,,Commonwealth Scientific and Industrial Research Organisation,Commonwealth Scientific and Industrial Research Organisation,960670000.0,,direct_rd,direct_rd,Direct R&D,include,0.95,CSIRO: Australia's national science agency — intramural R&D,8.0,0.8,include,2022 No1 C2021A00067.docx,88
Australia,2024,AU_RD,"Science, Research and Innovation","Science, Research and Innovation",AU_CSIRO,,Commonwealth Scientific and Industrial Research Organisation,Commonwealth Scientific and Industrial Research Organisation,1008739000.0,,direct_rd,direct_rd,Direct R&D,include,0.95,CSIRO: Australia's national science agency — intramural R&D,8.0,0.8,include,2024 No1 C2023A00031.docx,93
Australia,2006,AU_RD,"Science, Research and Innovation","Science, Research and Innovation",AU_CSIRO,,Commonwealth Scientific and Industrial Research Organisation,Commonwealth Scientific and Industrial Research Organisation,577138000.0,,direct_rd,direct_rd,Direct R&D,include,0.95,CSIRO: Australia's national science agency — intramural R&D,8.0,0.8,include,2006 No1 C2012C00814.doc,62
Australia,2005,AU_RD,"Science, Research and Innovation","Science, Research and Innovation",AU_CSIRO,,Commonwealth Scientific and Industrial Research Organisation,Commonwealth Scientific and Industrial Research Organisation,568646000.0,,direct_rd,direct_rd,Direct R&D,include,0.95,CSIRO: Australia's national science agency — intramural R&D,8.0,0.8,include,2005 No1 C2009C00499.doc,63
Australia,2017,AU_RD,"Science, Research and Innovation","Science, Research and Innovation",AU_CSIRO,,Commonwealth Scientific and Industrial Research Organisation,Commonwealth Scientific and Industrial Research Organisation,459239000.0,,direct_rd,direct_rd,Direct R&D,include,0.95,CSIRO: Australia's national science agency — intramural R&D,8.0,0.8,include,2017 No1 C2016A00069.docx,8
Australia,1975,AU_RD,"Science, Research and Innovation","Science, Research and Innovation",AU_CSIRO,Commonwealth Scientific and Industrial Research Organisation,Commonwealth Scientific and Industrial Research Organisation,Commonwealth Scientific and Industrial Research Organisation,80340000.0,AUD,direct_rd,direct_rd,Direct R&D,include,1.0,The record includes a core R&D phrase and an institution keyword.,8.0,0.8,review,1975 No1 C2004A00152.docx,102
Australia,1981,AU_RD,"Science, Research and Innovation","Science, Research and Innovation",AU_CSIRO,,Commonwealth Scientific and Industrial Research Organisation,Commonwealth Scientific and Industrial Research Organisation,166275000.0,,direct_rd,direct_rd,Direct R&D,include,0.95,CSIRO: Australia's national science agency — intramural R&D,8.0,0.8,include,1981 No1 C2004A02342.docx,106
Australia,1983,AU_RD,"Science, Research and Innovation","Science, Research and Innovation",AU_CSIRO,,Commonwealth Scientific and Industrial Research Organisation,Commonwealth Scientific and Industrial Research Organisation,249406000.0,,direct_rd,direct_rd,Direct R&D,include,0.95,CSIRO: Australia's national science agency — intramural R&D,8.0,0.8,include,1983 No1 C2004A02675.docx,103
Australia,1984,AU_RD,"Science, Research and Innovation","Science, Research and Innovation",AU_CSIRO,,Commonwealth Scientific and Industrial Research Organisation,Commonwealth Scientific and Industrial Research Organisation,263206998.0,,direct_rd,direct_rd,Direct R&D,include,0.95,CSIRO: Australia's national science agency — intramural R&D,8.0,0.8,include,C1984A02815.docx,80
Australia,1980,AU_RD,"Science, Research and Innovation","Science, Research and Innovation",AU_CSIRO,Commonwealth Scientific and Industrial Research Organisation,Commonwealth Scientific and Industrial Research Organisation,Commonwealth Scientific and Industrial Research Organisation,261479.0,AUD,direct_rd,direct_rd,Direct R&D,include,0.9,The record includes a clear R&D institution and budget instrument.,8.0,0.8,review,1980 No4 C2004A02263.docx,3
Australia,1985,AU_RD,"Science, Research and Innovation","Science, Research and Innovation",AU_CSIRO,,Commonwealth Scientific and Industrial Research Organisation,Commonwealth Scientific and Industrial Research Organisation,291684000.0,,direct_rd,direct_rd,Direct R&D,include,0.95,CSIRO: Australia's national science agency — intramural R&D,8.0,0.8,include,1985 No1 C2004A03034.docx,68
Australia,1986,AU_RD,"Science, Research and Innovation","Science, Research and Innovation",AU_CSIRO,,Commonwealth Scientific and Industrial Research Organisation,Commonwealth Scientific and Industrial Research Organisation,306609000.0,,direct_rd,direct_rd,Direct R&D,include,0.95,CSIRO: Australia's national science agency — intramural R&D,8.0,0.8,include,1986 No1 C2004A03177.docx,73
Australia,1989,AU_RD,"Science, Research and Innovation","Science, Research and Innovation",AU_CSIRO,,Commonwealth Scientific and Industrial Research Organisation,Commonwealth Scientific and Industrial Research Organisation,318098100.0,,direct_rd,direct_rd,Direct R&D,include,0.95,CSIRO: Australia's national science agency — intramural R&D,8.0,0.8,include,1989 No1 C2004A03695.docx,57
Australia,1973,AU_RD,"Science, Research and Innovation","Science, Research and Innovation",AU_CSIRO,Commonwealth Scientific and Industrial Research Organisation,Commonwealth Scientific and Industrial Research Organisation,Commonwealth Scientific and Industrial Research Organisation,51060000.0,AUD,direct_rd,direct_rd,Direct R&D,include,1.0,The record includes a core R&D phrase and an institution keyword.,8.0,0.8,review,C1973A00038.docx,43
Australia,1977,AU_RD,"Science, Research and Innovation","Science, Research and Innovation",AU_CSIRO,,Commonwealth Scientific and Industrial Research Organisation,Commonwealth Scientific and Industrial Research Organisation,115350000.0,,direct_rd,direct_rd,Direct R&D,include,0.95,CSIRO: Australia's national science agency — intramural R&D,8.0,0.8,include,1977 No1 C2004A01546.docx,119
Australia,1978,AU_RD,"Science, Research and Innovation","Science, Research and Innovation",AU_CSIRO,,Commonwealth Scientific and Industrial Research Organisation,Commonwealth Scientific and Industrial Research Organisation,131248000.0,,direct_rd,direct_rd,Direct R&D,include,0.95,CSIRO: Australia's national science agency — intramural R&D,8.0,0.8,include,1978 No1 C2004A01777.docx,113
Australia,1988,AU_RD,"Science, Research and Innovation","Science, Research and Innovation",AU_CSIRO,,Commonwealth Scientific and Industrial Research Organisation,Commonwealth Scientific and Industrial Research Organisation,329630100.0,,direct_rd,direct_rd,Direct R&D,include,0.95,CSIRO: Australia's national science agency — intramural R&D,8.0,0.8,include,1988 No1 C2004A03521.docx,61
Australia,1991,AU_RD,"Science, Research and Innovation","Science, Research and Innovation",AU_CSIRO,,Commonwealth Scientific and Industrial Research Organisation,Commonwealth Scientific and Industrial Research Organisation,391384400.0,,direct_rd,direct_rd,Direct R&D,include,0.95,CSIRO: Australia's national science agency — intramural R&D,8.0,0.8,include,1991 No1 C2004A04029.docx,66
Australia,1993,AU_RD,"Science, Research and Innovation","Science, Research and Innovation",AU_CSIRO,,Commonwealth Scientific and Industrial Research Organisation,Commonwealth Scientific and Industrial Research Organisation,414992000.0,,direct_rd,direct_rd,Direct R&D,include,0.95,CSIRO: Australia's national science agency — intramural R&D,8.0,0.8,include,1993 No1 C2004A04432.docx,60
Australia,1994,AU_RD,"Science, Research and Innovation","Science, Research and Innovation",AU_CSIRO,,Commonwealth Scientific and Industrial Research Organisation,Commonwealth Scientific and Industrial Research Organisation,424034000.0,,direct_rd,direct_rd,Direct R&D,include,0.95,CSIRO: Australia's national science agency — intramural R&D,8.0,0.8,include,1994 No1 C2004A04627.docx,64
Australia,1987,AU_RD,"Science, Research and Innovation","Science, Research and Innovation",AU_CSIRO,,Commonwealth Scientific and Industrial Research Organisation,Commonwealth Scientific and Industrial Research Organisation,324630100.0,,direct_rd,direct_rd,Direct R&D,include,0.95,CSIRO: Australia's national science agency — intramural R&D,8.0,0.8,include,1987 No1 C2004A03358.docx,82
