year,source_file,page_number,program_name,department,description,amount_gbp,unit,is_annual
1996,1996_UK.pdf,114,Total central government spending on Science and Technology,DTI,Total central government spending on Science and Technology in 1997-98 is expected to be about £6 billion.,6000000000,annual (1997-98),True
1996,1996_UK.pdf,114,Science Budget (DTI),DTI,In 1997-98 the science budget will be 24 per cent higher in cash terms than at the beginning of the current parliament (qualitative/% only).,,annual (1997-98),True
1996,1996_UK.pdf,114,Challenge fund for scientific equipment (further/higher education),DfEE,£20 million in 1997-98 for a challenge fund to finance scientific equipment.,20000000,annual (1997-98),True
1998,1998_UK.pdf,49,University Challenge Fund,DTI/DfEE,University Challenge Fund to create seed venture capital funds to help commercially exploit universities' research.,,multi-year fund,False
2000,2000_UK.pdf,37,Science and Research Base (Joint Infrastructure Fund / CSR 1998),DTI/OST,"injected £1.4 billion in the 1998 Comprehensive Spending Review, including the £700 million Joint Infrastructure Fund endowment.",1400000000,multi-year total (CSR 1998 period),False
2000,2000_UK.pdf,37,University Challenge Fund,DTI,set up the £50 million University Challenge fund to provide seed funding for commercialising research.,50000000,total fund,False
2000,2000_UK.pdf,37,Science Enterprise Challenge,DTI,run the Science Enterprise Challenge. This provided £25 million for new centres to encourage enterprise in and around universities.,25000000,total fund,False
2000,2000_UK.pdf,37,Cambridge-MIT Institute (Capital Modernisation Fund),DTI,committed up to £14 million a year on average from the Capital Modernisation Fund for the next five years towards the costs of the Cambridge-MIT Institute.,14000000,per year for 5 years,True
2003,2003_UK.pdf,62,Higher Education Innovation Fund (HEIF),DTI/DfES,"the £187 million Higher Education Innovation Fund (HEIF). In the next round of the HEIF, for investment between 2004 and 2006.",187000000,total fund (2004-2006 round),False
2003,2003_UK.pdf,62,Public Sector Research Establishments commercialisation,DTI,Funding of £15 million will be allocated this year to help catalyse this activity [commercialisation of science and technology in PSREs].,15000000,annual (2003-04),True
2003,2003_UK.pdf,60,R&D tax credit for SMEs (take-up estimate),DTI/Inland Revenue,"Around 3,000 claims for the SME tax credit for R&D activity carried out during 2001-02 are expected, leading to more than £150 million of claims.",150000000,annual tax expenditure (2001-02 claims),True
2004,2004_UK.pdf,12,NHS R&D increase (UKCRC),DoH/MRC,"a commitment to increase NHS funding for R&D by £100 million by 2008, to underpin the creation of a new UK Clinical Research Collaboration.",100000000,cumulative increase by 2008,False
2004,2004_UK.pdf,69,NHS R&D combined budget target (MRC + NHS),DoH/MRC,This should allow the combined budget for medical research and for R&D within the NHS to rise to around £1.2 billion a year by 2007-08.,1200000000,annual (target 2007-08),True
2004,2004_UK.pdf,69,National Technology Strategy (DTI),DTI,a £150 million National Technology Strategy to provide a framework for policy priorities and focus support on innovation.,150000000,total fund,False
2004,2004_UK.pdf,70,"R&D tax credit extensions (software, power, water, fuel)",DTI/Inland Revenue,"Expenditure on software, power, water and fuel will all qualify for the tax credit, providing £35 million of additional annual support for business R&D.",35000000,annual additional tax support,True
2005,2005_UK.pdf,71,Science Budget allocation (Research Councils) - sustainability of university research,OST/RCUK,"investment of over £1 billion over the period to ensure the sustainability of university research and infrastructure, including full economic cost funding.",1000000000,multi-year total (up to 2008),False
2005,2005_UK.pdf,71,Research Councils - full economic cost (FEC) funding,OST/RCUK,£440 million to enable Research Councils and Learned Societies to pay a greater proportion of the full economic cost of research they fund.,440000000,"multi-year (up to 2008), subset of £1bn",False
2005,2005_UK.pdf,71,Knowledge transfer and business-university collaboration,OST/DTI,over £300 million to support knowledge transfer and business-university collaboration.,300000000,multi-year total (up to 2008),False
2005,2005_UK.pdf,71,Key disciplines / attracting researchers (Science Budget),OST/RCUK,"£60 million to underpin the health of key disciplines such as engineering, and to attract the best researchers from around the world.",60000000,multi-year (up to 2008),False
2005,2005_UK.pdf,71,Medical Research Council budget allocation,MRC,"additional funding of £25 million for clinical research, as part of the Medical Research Council's £1.5 billion budget allocated for the SR2004 period.",1500000000,multi-year total (up to 2008),False
2005,2005_UK.pdf,71,Energy R&D from Science Budget,OST/DTI,Funding for energy R&D from the Science Budget will rise from a current level of £40 million per year to £70 million per year by 2007-08.,70000000,annual (target 2007-08),True
2005,2005_UK.pdf,72,Science Research Infrastructure Fund (SRIF),OST/HEFCE,"The next round of the Science Research Infrastructure Fund, which provides capital funding of £500 million per annum to universities.",500000000,per annum (capital),True
2006,2006_UK.pdf,68,Total UK science spending (2004 SR period),OST/DTI,by 2007-08 total UK science spending will be £5.4 billion representing an average annual growth of 5.8 per cent in real terms since 2004-05.,5400000000,annual (2007-08 target),True
2006,2006_UK.pdf,68,Additional investment in science and innovation (2004 SR),OST,The Government is investing an additional £1 billion in science and innovation over the period of the 2004 Spending Review.,1000000000,multi-year additional (2004 SR period),False
2006,2006_UK.pdf,69,Single Health Research Fund,DoH/DTI,"create a single, jointly held health research fund of at least £1 billion per year.",1000000000,per year (target),True
2006,2006_UK.pdf,49,Enterprise Capital Funds,DTI,announcing a further £50 million in 2006-07 and £50 million in 2007-08 for the Enterprise Capital Funds scheme.,100000000,total over 2 years (2006-07 and 2007-08),False
2006,2006_UK.pdf,74,UKTI International R&D Strategy,UKTI/DTI,"UKTI will implement an international R&D strategy with funding of £9 million, in partnership with the academic and business community.",9000000,total,False
2007,2007_UK.pdf,69,Total UK science spending (target 2007-08),OST/DTI,"by 2007-08, total UK science spending will be £5.4 billion.",5400000000,annual (2007-08),True
2007,2007_UK.pdf,69,Science budget early CSR settlement (DTI + DfES),DTI/DfES,Budget 2007 announces early 2007 CSR settlements for the Department of Trade and Industry's ring-fenced science budget and for DfES. 2.5% real annual growth over CSR period (2008-11).,,"CSR period (2008-11), 2.5% real annual growth",True
2007,2007_UK.pdf,70,Technology Strategy Board (TSB) funding,DTI,funding of at least £178 million by 2007-08 [for TSB Collaborative R&D].,178000000,annual (target 2007-08),True
2007,2007_UK.pdf,70,TSB Collaborative R&D new call,DTI/TSB,"Today, the TSB will allocate £100 million for Collaborative R&D.",100000000,total new call,False
2007,2007_UK.pdf,72,Energy Technologies Institute (ETI),DTI,"The aspiration is to raise £100 million per year for UK-based energy research, design, demonstration and development: a £1 billion commitment over 10 years (50:50 public-private).",1000000000,"total over 10 years (£100m/yr, 50:50 PPP)",False
2008,2008_UK.pdf,55,Project Enthuse (science teacher training),DIUS/Wellcome,"The Government will invest £10 million over five years to support the [Project Enthuse] scheme, levering up to £20 million from the Wellcome Trust.",10000000,total over 5 years (government contribution),False
2008,2008_UK.pdf,55,STEM skills communications campaign,DIUS/DCSF,a new £6 million communications campaign [for STEM skills].,6000000,total,False
2009,2009_UK.pdf,87,Technology Strategy Board (TSB) - Strategic Investment Fund,DIUS/BIS,The Government will set aside £50 million as part of the new Strategic Investment Fund to enable the TSB to increase its support for collaborative R&D.,50000000,total,False
2009,2009_UK.pdf,87,STEM Triple Science Support Programme,DCSF,investment of £3 million in the coming year for the Triple Science Support Programme.,3000000,annual (2009-10),True
2009,2009_UK.pdf,87,STEM post-16 physics/mathematics widening participation,DCSF,£2 million over the next two years on additional support to widen post-16 participation in physics and mathematics.,2000000,total over 2 years,False
2009,2009_UK.pdf,89,Creative industries R&D (TSB),DCMS/TSB,"a £10 million programme of research and development for the creative industries, led by the TSB.",10000000,total,False
2009,2009_UK.pdf,89,Low-carbon and Strategic Investment Fund allocation,BIS/DECC,£250 million will be allocated from the new Strategic Investment Fund to help UK industry benefit from low-carbon investment opportunities.,250000000,total,False
2009,2009_UK.pdf,136,DIUS science budget (CSR 2007 period) - 6% annual increase,DIUS,"The Department for Innovation, Universities and Skills will be able to make additional savings while continuing to increase the science budget at 6% per year (qualitative/% only).",,annual growth rate 6% (2010-11),True
2010,2010_03_UK.pdf,64,Institute of Web Science (Southampton/Oxford),BIS,"the Government confirms £30 million of funding for the Institute of Web Science, a joint venture between Southampton and Oxford universities.",30000000,total,False
2010,2010_03_UK.pdf,56,University Enterprise Capital Fund,BIS,launching a University Enterprise Capital Fund to exploit the commercial potential of the UK's world-class research base (no specific £ amount on this page).,,fund,False
2010,2010_03_UK.pdf,118,Offshore wind R&D (Mitsubishi facility),DECC/BIS,£30 million support for Mitsubishi to locate a new £100 million offshore wind R&D facility in the UK.,30000000,total,False
2010,2010_03_UK.pdf,118,Offshore wind test sites (North East),DECC/BIS,£18.5 million for developing offshore wind test sites in the North East.,18500000,total,False
2010,2010_03_UK.pdf,118,Marine energy fund,DECC,"£50 million for marine energy, establishing the South West as a marine energy hub, including a new £22 million fund for wave and tidal energy projects.",50000000,total,False
2010,2010_03_UK.pdf,118,Low-carbon aircraft engine R&D,BIS/DECC,£45 million for research and technology critical to the development of low-carbon aircraft engines.,45000000,total,False
2011,2011_UK.pdf,7,Science capital development,BIS,invest £100 million in science capital development.,100000000,annual (2011-12),True
2011,2011_UK.pdf,7,First Technology and Innovation Centre (High Value Manufacturing),BIS/TSB,launch the first Technology and Innovation Centre in high value manufacturing (no specific £ amount at this location).,,,False
2011,2011_UK.pdf,35,Science capital development (2011-12),BIS,The Government will invest an additional £100 million in 2011-12 in science capital development to provide facilities for world-class research.,100000000,annual (2011-12),True
2013,2013_UK.pdf,49,Industrial Strategy funding (11 sectors),BIS,The Government will provide £1.6 billion of funding to support these strategies [Industrial Strategy 11 sectors].,1600000000,total (allocated across 2013),False
2013,2013_UK.pdf,49,Aerospace Technology Institute (ATI),BIS,create an Aerospace Technology Institute (ATI). This will provide £2.1 billion of R&D support to the aerospace sector over the next seven years (50:50 public-private).,2100000000,total over 7 years (50:50 public-private),False
2013,2013_UK.pdf,49,Digital content / creative industries - TSB competition,BIS/TSB,the Technology Strategy Board will design and launch a new competition of up to £15 million inviting consortia bids to support digital content R&D.,15000000,total,False
2013,2013_UK.pdf,49,Skills Investment Fund (digital content sectors),BIS,funding for the Skills Investment Fund will be increased to £8 million each year over the next two years [for digital content sectors].,8000000,per year for 2 years,True
2014,2014_UK.pdf,34,Research Councils capital investment (Parliament 2010-15),BIS/RCUK,"Since 2010, Research Councils have invested £1.69 billion in research capital.",1690000000,total (Parliament 2010-15),False
2014,2014_UK.pdf,34,Total government science investment (Parliament 2010-15),BIS,"Over this Parliament, government has invested £21.5 billion in science, including major investments in the 8 Great Technologies.",21500000000,total (Parliament 2010-15),False
2014,2014_UK.pdf,34,Research Partnership Investment Fund,BIS/HEFCE,Over £1 billion of public and private investment in 22 research infrastructure projects through the Research Partnership Investment Fund.,1000000000,total (public + private),False
2014,2014_UK.pdf,40,Alan Turing Institute,BIS,provide £42 million over 5 years for the Alan Turing Institute – a national institute which will undertake new research in data science and algorithms.,42000000,total over 5 years,False
2014,2014_UK.pdf,40,Cell Therapy manufacturing centre + Graphene innovation centre (Catapults),BIS,invest £74 million over 5 years in a Cell Therapy manufacturing centre and a Graphene innovation centre as part of the UK Catapult network.,74000000,total over 5 years,False
2014,2014_UK.pdf,40,Centres for Doctoral Training (~20 new),BIS/EPSRC,provide £106 million over 5 years for around 20 additional Centres for Doctoral Training.,106000000,total over 5 years,False
2015,2015_03_UK.pdf,39,Annual research funding (ring-fenced science budget),BIS,Government has provided £4.6bn of research funding per year since 2010.,4600000000,per year,True
2015,2015_03_UK.pdf,39,Science capital infrastructure commitment (SR10),BIS,At SR13 the government provided a long term commitment to science capital infrastructure – £1.1bn a year rising with inflation from 2016 to 2021.,1100000000,"per year (2016-2021), rising with inflation",True
2015,2015_03_UK.pdf,39,Research Partnership Investment Fund (cumulative),BIS/HEFCE,Over £1.4bn of public and private investment in 27 research infrastructure projects through the Research Partnership Investment Fund.,1400000000,total (public + private),False
2015,2015_03_UK.pdf,39,Innovate UK annual budget,BIS/Innovate UK,having raised the annual budget of Innovate UK from £360 million in 2010-11 to over £500 million in 2015-16.,500000000,annual (2015-16),True
2015,2015_03_UK.pdf,39,Catapult centres network commitment,BIS/Innovate UK,committed £845 million over 7 years to develop a network of Catapult centres.,845000000,total over 7 years,False
2015,2015_03_UK.pdf,53,Science capital investment (competitive fund to 2020-21),BIS,the government will commit £400 million to 2020-21 for the next round of funding for cutting-edge scientific infrastructure.,400000000,total to 2020-21,False
2015,2015_03_UK.pdf,54,UK Collaboratorium for Research in Infrastructure and Cities (UKCRIC),BIS/EPSRC,"£138 million of funding towards the UK Collaboratorium for Research in Infrastructure and Cities (UKCRIC), subject to satisfactory business case.",138000000,total,False
2015,2015_03_UK.pdf,54,R&D into Intelligent Mobility,BIS/Innovate UK,£100 million for Research and Development into Intelligent Mobility.,100000000,total,False
2015,2015_03_UK.pdf,54,Internet of Things / Smart Cities demonstrator,BIS/Innovate UK,"£40 million for demonstrator programmes, business incubator space and a research hub to develop applications for Internet of Things and Smart Cities.",40000000,total,False
2015,2015_03_UK.pdf,54,UK Research Partnership Investment Fund (current round),BIS/HEFCE,the government will invest a further £100 million in cutting-edge research projects through the current UK Research Partnership Investment Fund.,100000000,total (current round),False
2015,2015_03_UK.pdf,48,Health North research centres,BIS/NIHR,the government is now committing £20 million to Health North.,20000000,total,False
2015,2015_03_UK.pdf,50,Energy Research Accelerator (Midlands universities),BIS,The government will invest an initial £60 million in a proposal by six universities across the Midlands for a new Energy Research Accelerator.,60000000,total (initial),False
2015,2015_07_UK.pdf,63,Science capital commitment (total to 2021),BIS,"The government will deliver on the science capital commitment, investing £6.9 billion up to 2021 in infrastructure.",6900000000,total to 2021,False
2015,2015_07_UK.pdf,68,Next Generation Digital Economy Centres,BIS/Innovate UK,"the government will invest £23m in 6 Next Generation Digital Economy Centres over 6 sites, leveraging £22 million of additional industry investment.",23000000,total (government contribution),False
2015,2015_07_UK.pdf,68,Research Partnership Investment Fund (next round),BIS/HEFCE,the next £400 million round of the Research Partnership Investment Fund.,400000000,total (next round),False
2016,2016_UK.pdf,82,Quadram Institute (East Anglia food/health research),BIS,the government will contribute £50 million to the Quadram Institute.,50000000,total,False
2016,2016_UK.pdf,81,Aerospace R&D (East Midlands / Rolls-Royce),BIS/ATI,"Budget announces £16 million in R&D funding, matched by industry, to support aerospace firms in the East Midlands. Total (govt + industry match) £32 million.",32000000,total (£16m govt + £16m industry match),False
2016,2016_UK.pdf,81,Vehicle emissions R&D (Midlands),BIS/Innovate UK,The Midlands will also receive over £15 million funding to support R&D into lowering vehicle emissions.,15000000,total,False
2016,2016_UK.pdf,78,National Institute for Smart Data Innovation (Newcastle),BIS,"The government will invest £15 million in the National Institute for Smart Data Innovation in Newcastle, subject to approval of a satisfactory business case.",15000000,total,False
2016,2016_UK.pdf,78,Nuclear Manufacturing Programme (SMR competition),DECC/BIS,"government will allocate at least £30 million for a 21st century nuclear manufacturing programme, as part of the SMR competition.",30000000,total,False
2016,2016_UK.pdf,82,Compound Semiconductor Catapult (Wales),BIS/Welsh Government,£50m will also be invested up to 2020-21 to create a new Compound Semiconductor Catapult in Wales.,50000000,total to 2020-21,False
2017,2017_03_UK.pdf,47,National Productivity Investment Fund - R&D component (NPIF AS2016),BIS/BEIS,"Autumn Statement 2016 announced £4.7 billion from the NPIF for R&D, to support the UK's world-leading research and ensure the UK remains at the forefront of new technologies.",4700000000,total over NPIF period (2017-22),False
2017,2017_03_UK.pdf,47,Industrial Strategy Challenge Fund (ISCF) - initial,BEIS/Innovate UK,An initial investment of £270 million in 2017-18 will kick-start the development of disruptive technologies [via ISCF].,270000000,annual (2017-18),True
2017,2017_03_UK.pdf,47,NPIF Talent funding - PhD places + fellowships,BEIS/RCUK,The NPIF will invest £250 million over the next four years to continue to build the pipeline of high-skilled research talent through PhD places and fellowships.,250000000,total over 4 years,False
2017,2017_11_UK.pdf,48,NPIF R&D spending - extended (total through 2021-22),BEIS,the Budget confirms that the £4.7 billion NPIF investment in science and innovation announced at Autumn Statement 2016 will deliver £12.5 billion in direct R&D spending by government and industry by 2021-22.,12500000000,"annual (2021-22 target, direct R&D spending)",True
2017,2017_11_UK.pdf,48,Additional NPIF R&D investment in 2021-22,BEIS,a further £2.3 billion of additional spending in 2021-22 [R&D from NPIF].,2300000000,annual (2021-22),True
2017,2017_11_UK.pdf,46,NPIF R&D - total (Table 4.1 NPIF R&D line),BEIS,"NPIF Research and Development funding: 2017-18: £425m, 2018-19: £820m, 2019-20: £1,500m, 2020-21: £2,000m, 2021-22: £2,345m. Total £7.09bn.",7090000000,total over NPIF period 2017-22,False
2017,2017_11_UK.pdf,48,ISCF - construction sector productivity,BEIS/Innovate UK,£170 million for innovation to transform productivity in the construction sector [from ISCF].,170000000,total,False
2018,2018_UK.pdf,59,NPIF R&D - extended to 2023-24 (Table 4.1),BEIS,"NPIF R&D funding: 2017-18: £425m, 2018-19: £820m, 2019-20: £1,520m, 2020-21: £2,000m, 2021-22: £2,325m (Table 4.1 2018 Budget). Total NPIF R&D: £7.09bn.",7090000000,total over NPIF period 2017-22,False
2018,2018_UK.pdf,60,Additional R&D funding (Budget 2018),BEIS,"the Budget allocates £1.6 billion to strengthen the UK's global leadership in science and innovation. Since 2016, the government has committed to spend an additional £7 billion on R&D.",1600000000,total additional (Budget 2018),False
2018,2018_UK.pdf,60,Industrial Strategy Challenge Fund increase,BEIS/Innovate UK,the government will increase the Industrial Strategy Challenge Fund by £1.1 billion.,1100000000,total increase,False
2018,2018_UK.pdf,60,Made Smarter - ISCF,BEIS/Innovate UK,Up to £121 million for Made Smarter to support the transformation of manufacturing through digitally-enabled technologies.,121000000,total,False
2018,2018_UK.pdf,60,Quantum Technology Programme (National Quantum Technology Programme phase 2),BEIS/EPSRC,"invest a further £235 million to support quantum technologies, including up to £70 million from ISCF, and £35 million for quantum computing demonstrator. Total quantum investment phase 2: £315 million.",315000000,total (phase 2),False
2018,2018_UK.pdf,60,Nuclear fusion (UKAEA acceleration),BEIS/UKAEA,an additional £20 million in 2019-20 for the UK Atomic Energy Agency to accelerate its work on the development and commercialisation of fusion energy.,20000000,annual (2019-20),True
2018,2018_UK.pdf,60,Turing AI Fellowships + international fellowships,BEIS/UKRI,"invest up to £50 million in new Turing AI Fellowships to bring the best global researchers in AI to the UK, and £100 million for international research fellowships. Total: £150 million.",150000000,total,False
2018,2018_UK.pdf,60,Catapults (Digital Catapult + Medicines Discovery Catapult),BEIS/Innovate UK,confirming £115 million to extend funding for the Digital Catapult and the Medicines Discovery Catapult.,115000000,total,False
2018,2018_UK.pdf,68,Strength in Places Fund,BEIS/UKRI,£120 million for the Strength in Places Fund to support areas of R&D excellence across the UK.,120000000,total,False
2020,2020_UK.pdf,10,Total public R&D investment target (2024-25),BEIS/HMT,the Budget sets out plans to increase public R&D investment to £22 billion per year by 2024-25. This landmark investment will put the UK on track to reach the government's target of 2.4% of GDP invested in R&D by 2027.,22000000000,annual target (2024-25),True
2020,2020_UK.pdf,62,Immediate funding boost for world-leading research (2020-21),BEIS/UKRI,"The government is providing an immediate funding boost of up to £400 million in 2020-21 for world-leading research, infrastructure and R&D talent.",400000000,annual (2020-21),True
2020,2020_UK.pdf,63,ARPA-style high-risk research funding agency (ARIA precursor),BEIS,"the government will invest at least £800 million in a new blue-skies funding agency here in the UK, modelled on the extraordinary work of DARPA in the United States.",800000000,total commitment,False
2020,2020_UK.pdf,63,Specialist research institutions funding uplift,BEIS/UKRI,increase funding for the UK's foremost specialist institutions by £80 million over the next five years.,80000000,total over 5 years,False
2020,2020_UK.pdf,63,NIHR additional funding (2020-21),DHSC,the government is committing an extra £12 million for the National Institute for Health Research in 2020-21.,12000000,annual (2020-21),True
2020,2020_UK.pdf,63,Natural History Museum state-of-the-art facility,BEIS/DCMS,the Budget provides £180 million over 6 years for a new state-of-the-art storage and research facility for the Natural History Museum.,180000000,total over 6 years,False
2020,2020_UK.pdf,64,Life Sciences Investment Programme (British Business Bank),BEIS/BBB,The Life Sciences Investment Programme will provide the British Business Bank with additional resources to make up to £200 million of equity investments in life sciences.,200000000,total equity commitment (BBB),False
2020,2020_UK.pdf,64,"High-potential technologies (nuclear fusion, space, EVs)",BEIS,"invest over £900 million to ensure UK businesses are leading the way in high-potential technologies including nuclear fusion, space and electric vehicles.",900000000,total,False
2021,2021_03_UK.pdf,70,Energy innovation - floating offshore wind,BEIS,launch of a £20 million programme to support the development of floating offshore wind technology across the UK.,20000000,total,False
2021,2021_03_UK.pdf,70,Energy storage prototypes/demonstrators competition,BEIS,a new £68 million UK-wide competition to implement several first-of-a-kind energy storage prototypes or technology demonstrators.,68000000,total,False
2021,2021_10_UK.pdf,58,Total public R&D investment (SR21 commitment),BEIS/DSIT,"the government is increasing public R&D investment to record levels, providing £20 billion across the UK by 2024-25, including £6.3 billion to UKRI.",20000000000,annual (2024-25 target),True
2021,2021_10_UK.pdf,59,UKRI core research increase (SR21),BEIS/UKRI,fund an increase to core funding for the UK's world-leading universities and research institutions of £1.1 billion per year more than in 2021-22 by 2024-25.,1100000000,annual increase by 2024-25,True
2021,2021_10_UK.pdf,59,ARIA (Advanced Research and Invention Agency),BEIS/ARIA,establish the new Advanced Research and Invention Agency (ARIA) with £800 million allocated by 2025-26 (including £50 million in 2021-22).,800000000,total to 2025-26,False
2021,2021_10_UK.pdf,59,"Capital DEL R&D (total government, Table 2.2)",BEIS/All,"Table 2.2: Total Capital DEL expenditure on R&D: 2021-22: £14.8bn, 2022-23: £16.1bn, 2023-24: £19.4bn, 2024-25: £20.0bn.",20000000000,annual (2024-25),True
2021,2021_10_UK.pdf,59,"BEIS total R&D (Capital DEL, 2024-25, Table 2.2)",BEIS,"BEIS Capital DEL R&D: 2024-25: £14.2bn (of which Core Research £5.9bn, Innovate UK £1.1bn, EU Programmes £2.1bn).",14200000000,annual (2024-25),True
2021,2021_10_UK.pdf,59,Core Research budget (UKRI) SR21 plan (Table 2.2),BEIS/UKRI,"Core Research (BEIS Capital DEL): 2021-22: £4.8bn, 2022-23: £5.2bn, 2023-24: £5.8bn, 2024-25: £5.9bn.",5900000000,annual (2024-25),True
2021,2021_10_UK.pdf,59,"Innovate UK budget (SR21 plan, Table 2.2)",BEIS/Innovate UK,"Innovate UK (BEIS Capital DEL): 2021-22: £0.7bn, 2022-23: £0.7bn, 2023-24: £0.8bn, 2024-25: £1.1bn.",1100000000,annual (2024-25),True
2021,2021_10_UK.pdf,60,Innovate UK - total core funding (SR21 period),BEIS/Innovate UK,"providing at least £2.5 billion for Innovate UK core funding, a 36% increase across the SR21 period.",2500000000,total over SR21 period,False
2021,2021_10_UK.pdf,60,Future Fund: Breakthrough,BEIS/BBB,"the government launched the £375 million Future Fund: Breakthrough, to increase the supply of growth-stage venture capital for UK's most innovative companies.",375000000,total fund,False
2023,2023_UK.pdf,72,Exascale supercomputer + AI Research Resource,DSIT,"the government will invest, in the region of £900 million to build an exascale supercomputer and to establish a new AI Research Resource.",900000000,total,False
2023,2023_UK.pdf,73,Quantum Technologies Strategy - 10 year investment,DSIT,The government will invest a total of £2.5 billion over 10 years [in quantum technologies].,2500000000,total over 10 years,False
2023,2023_UK.pdf,73,Innovation Accelerators (26 R&D projects),DSIT,The government has allocated £100 million funding for the Innovation Accelerators programme to 26 transformative R&D projects.,100000000,total,False
2023,2023_UK.pdf,68,RDEC rate increase (large company R&D credit) - Autumn Statement 2022,HMRC,"the rate of the Research & Development Expenditure Credit (RDEC) would be increased from 13% to 20%, effective 1 April 2023 (qualitative/rate only).",,tax credit rate (20% from 1 April 2023),True
2023,2023_UK.pdf,68,R&D intensive SME enhanced relief,HMRC,the government will introduce an increased rate of relief for loss-making R&D intensive SMEs. Eligible companies will receive £27 per £100 of R&D (qualitative/rate only).,,tax relief (£27 per £100 of R&D),True
2023,2023_UK.pdf,70,British Patient Capital programme extension,BEIS/BBB,"Increasing support for the UK's most innovative companies by extending the British Patient Capital programme for a further 10 years to 2033-34, with £3 billion of total investment.",3000000000,total over 10 years (to 2033-34),False
2024,2024_03_UK.pdf,59,R&D package (Autumn Statement 2023 follow-up),DSIT,"the government is providing record levels of investment in research and development (R&D), including a £750 million package at Autumn Statement 2023.",750000000,total package (AS 2023),False
2024,2024_03_UK.pdf,59,"R&D strategic support (satellite comms, quantum, infrastructure)",DSIT,"£14 million to boost the UK's public sector research and innovation infrastructure, up to £100 million support for future satellite communications, and £1.6 million for quantum sensors. Combined: £115.6 million.",115600000,total (combined),False
2024,2024_03_UK.pdf,59,R&D tax reliefs reform (simplified merged scheme),HMRC,"reforms worth £280 million a year to simplify and improve R&D tax reliefs, helping to drive innovation in the UK.",280000000,annual (tax relief cost/saving),True
2024,2024_03_UK.pdf,64,Proof-of-concept fund for university spin-outs,DSIT,new £20 million proof-of-concept fund to support universities and future founders to de-risk technology.,20000000,total,False
2024,2024_03_UK.pdf,65,Alan Turing Institute investment,DSIT,the government is announcing that it will invest up to £100 million in the [Alan Turing] Institute over the next five years.,100000000,total over 5 years,False
2024,2024_03_UK.pdf,65,Life sciences manufacturing funding (AS 2023),DHSC/DSIT,"At Autumn Statement 2023, the government announced £520 million of new funding for life sciences manufacturing to build vaccine and medicine production capacity.",520000000,total (AS 2023 announcement),False
2024,2024_03_UK.pdf,65,Medical charity life sciences research (Cancer Research UK etc),DHSC,£45 million of additional funding to bolster medical charities' life-saving research agendas.,45000000,total,False
2024,2024_10_UK.pdf,81,Total government R&D investment (2025-26),DSIT/All,the Budget protects record levels of government R&D investment with £20.4 billion allocated in 2025-26. This includes at least £6.1 billion for core research.,20400000000,annual (2025-26),True
2024,2024_10_UK.pdf,81,Core research (UKRI + Research England + National Academies),DSIT/UKRI,at least £6.1 billion of support for core research [within £20.4bn R&D total].,6100000000,annual (2025-26),True
2024,2024_10_UK.pdf,81,R&D Missions Programme,DSIT,At least £25 million in 2025-26 to launch a new multi-year R&D Missions Programme.,25000000,annual (2025-26),True
2024,2024_10_UK.pdf,81,"NIHR uplift (life sciences R&D, part of £2bn+)",DHSC,A real terms uplift to the budget of the National Institute for Health and Care Research (NIHR) as part of over £2 billion for life sciences R&D in 2025-26.,2000000000,"annual (2025-26, total life sciences R&D including NIHR)",True
2024,2024_10_UK.pdf,82,University spin-out proof-of-concept fund,DSIT,providing at least £40 million over 5 years for proof-of-concept funding and improvements to support for researchers spinning out from universities.,40000000,total over 5 years,False
2024,2024_10_UK.pdf,107,DSIT Total DEL (2025-26),DSIT,"Table 4.14: DSIT Total DEL 2025-26: £15.1bn (Resource DEL £0.4bn, Capital DEL £14.7bn). Annual average real terms growth rate 6.5% from 2023-24 to 2025-26.",15100000000,"annual (2025-26, total DEL)",True
2024,2024_10_UK.pdf,107,DSIT Capital DEL (2025-26),DSIT,Table 4.14: DSIT Capital DEL 2025-26: £14.7bn (up from £12.4bn outturn 2023-24 and £13.3bn baseline 2024-25).,14700000000,annual (2025-26),True
2024,2024_10_UK.pdf,107,"DSIT R&D investment (2025-26, core research)",DSIT,£13.9 billion for DSIT to invest in R&D in 2025-26. This includes at least £6.1 billion of support for core research.,13900000000,"annual (2025-26, DSIT R&D)",True
2024,2024_10_UK.pdf,107,Horizon Europe association + guarantee scheme (2025-26),DSIT,£2.7 billion for association to EU research programmes and partnerships and the costs of the Horizon Europe guarantee scheme in 2025-26.,2700000000,annual (2025-26),True
2024,2024_10_UK.pdf,107,Made Smarter Innovation programme (2025-26),DSIT/UKRI,Up to £37 million in 2025-26 for the Made Smarter Innovation programme.,37000000,annual (2025-26),True
2024,2024_10_UK.pdf,108,Life Sciences Innovative Manufacturing Fund (2025-26),DHSC/DSIT,"the government will provide £70 million in 2025-26 for the new Life Sciences Innovative Manufacturing Fund, as part of a wider package of life sciences support.",70000000,annual (2025-26),True
2024,2024_10_UK.pdf,108,Project Gigabit + Shared Rural Network,DSIT,Invest over £500 million in Project Gigabit and the Shared Rural Network.,500000000,total,False
2025,2025_UK.pdf,79,Annual government R&D investment target (2029-30),DSIT/HMT,annual government investment in R&D will grow to £22.6 billion by 2029-30.,22600000000,annual target (2029-30),True
2025,2025_UK.pdf,79,UKRI investment in IS-8 sectors (4 years),DSIT/UKRI,"UK Research and Innovation (UKRI) directing £9 billion over four years to IS-8 sectors, including £4.5 billion for innovation and commercialisation.",9000000000,total over 4 years,False
2025,2025_UK.pdf,79,Innovate UK Growth Catalyst programme,DSIT/Innovate UK,"Innovate UK will launch a new Growth Catalyst programme worth £130 million, offering grants and tailored support to frontier firms.",130000000,total,False
2025,2025_UK.pdf,79,UKRI R&D Missions Accelerator,DSIT/UKRI,UKRI's £500 million R&D Missions Accelerator programme will launch challenges to drive economic benefit from the UK's cutting-edge research base.,500000000,total,False
2025,2025_UK.pdf,80,UKRI quality-related block grant + HEIF (SR period protection),DSIT/UKRI/Research England,"UKRI's investment in core quality-related block grant and Higher Education Innovation Funding will be protected in real terms, with a cumulative real-terms increase of £425 million over the SR period.",425000000,cumulative real-terms increase over SR,False
2025,2025_UK.pdf,80,AI for Science Strategy investment,DSIT,"the government has launched an ambitious AI for Science Strategy, backed by £137 million of investment over the next four years.",137000000,total over 4 years,False
2025,2025_UK.pdf,82,AI compute/supercomputer investment (to 2030),DSIT,"the government is investing up to £2 billion between now and 2030 to build a modern public compute ecosystem, including a new supercomputer.",2000000000,total to 2030,False
2025,2025_UK.pdf,79,Engineering skills package,DSIT/DfE,ambitious targeted packages in engineering worth £182 million across four years.,182000000,total over 4 years,False
2025,2025_UK.pdf,79,Techfirst digital skills package,DSIT/DfE,£187 million for our Techfirst digital skills package.,187000000,total,False
