reform_id,country_code,country_name,survey_year,implementation_year,announcement_year,announcement_year_source,announcement_year_confidence,legislation_year,legislation_year_source,legislation_year_confidence,implementation_year_end,implementation_year_source,implementation_year_confidence,theme,sub_theme,secondary_type,alternative_theme,rd_actor,rd_stage,growth_orientation,growth_orientation_rationale,growth_orientation_confidence,package_name,component_name,is_component,status,status_evidence,status_confidence,is_major_reform,importance_bucket,importance_rationale,importance_confidence,description,source_quote,source_page_start,source_page_end,event_id,n_mentions,mention_survey_years,mention_ids
DNK_2021_002,DNK,Denmark,2021,2020.0,2020.0,explicit,high,,,,,explicit,high,innovation,innovation_instruments,sectoral_rd,,private,applied,growth_supporting,"Risk capital provision addresses market failures in green technology financing, enabling private sector innovation and accelerating deployment of productivity-enhancing clean technologies",high,Green Investment Fund,Danish Green Investment Fund,False,implemented,Fund allocated DKK 6 billion in September 2020,high,True,3,"DKK 6 billion allocation represents a major new financing instrument for green innovation, addressing systemic gaps in risk capital for clean technology development",high,"Denmark allocated DKK 6 billion to the Danish Green Investment Fund in September 2020, an independent state loan fund offering risk capital for green transition across five areas: food/agriculture, energy/utilities, building/infrastructure, materials/resources, and transport/mobility. The Green recovery plan includes up to DKK 700 million in grants for investment in green technologies.","In September 2020, a trans-partisan agreement between the Danish Government and other parties allocated DKK 6 billion to the Danish Green Investment Fund, an independent state loan fund that offers risk capital to promote a green transition.",86.0,86.0,EVT_DNK_2020_0001,1,2021,DNK_2021_002
DNK_2021_003,DNK,Denmark,2021,2020.0,2020.0,inferred,high,,,,,explicit,high,innovation,innovation_instruments,,,private,unknown,growth_supporting,"Enhanced tax incentives for R&D reduce the cost of private innovation activities, encouraging firms to increase R&D spending and productivity-enhancing innovation",high,Enhanced R&D Tax Allowance,R&D tax allowance enhancement,False,implemented,Tax allowance increased to 130% in 2020 and extended through 2022,high,False,2,"Significant but temporary enhancement of existing R&D tax incentive scheme, not a structural reform",high,"Denmark temporarily enhanced its R&D tax allowance to 130% for R&D expenses up to DKK 850 million for 2020-2022 as part of COVID-19 stimulus measures, expanding support for business R&D through the tax system.",The package also included a temporary increase in the R&D enhanced tax allowance to 130% in 2020 and 2021 (later extended to 2022) for R&D expenses up to DKK 850 million.,20.0,20.0,EVT_DNK_2020_0002,1,2021,DNK_2021_003
DNK_2021_001,DNK,Denmark,2021,2021.0,,,,,,,,explicit,high,innovation,sectoral_rd,knowledge_transfer,,public_private,applied,growth_supporting,"Investments in clean technology R&D and demonstration projects will enhance productivity through technological innovation, create new export opportunities in green technologies, and improve resource efficiency",high,Green Technology R&D Strategy,,False,implemented,"DKK 3.9 billion allocated in COVID-19 recovery plan, DKK 543 million in EUDP grants disbursed in 2021, demonstration projects operating",high,True,3,"Multi-billion DKK investment representing a structural shift in Denmark's innovation policy toward green technologies, with comprehensive strategy covering multiple sectors and technology areas",high,"Denmark is implementing a comprehensive green R&D strategy focused on four missions: carbon capture and storage, power-to-X, climate-friendly agriculture, and plastic waste reduction. Major funding includes DKK 3.9 billion allocated in the COVID-19 recovery plan for green technology R&D, with DKK 543 million in new EUDP grants in 2021 (over DKK 200 million for CCS and power-to-X). Multiple demonstration projects are underway including Europe's largest CO2-free ammonia production facility and sustainable fuel production near Copenhagen.","Major energy-related research and development programmes include the Energy Technology Development and Demonstration Programme (EUDP), the Innovation Fund and ELForsk, which mainly provide support to projects implemented in public-private partnerships. Support stepped up in 2020",101.0,101.0,EVT_DNK_2021_0003,1,2021,DNK_2021_001
DNK_2021_005,DNK,Denmark,2021,2022.0,2021.0,explicit,high,,,,,explicit,high,innovation,other,,,unknown,adoption,growth_supporting,Digital transformation strategies typically enhance productivity through improved business processes and technology adoption,medium,Digitalisation Strategy,,False,announced,Strategy to be launched in early 2022,high,False,2,New national strategy but specific innovation content unclear - classified as 'other' due to lack of clear R&D or innovation instrument details,low,Denmark announced a new digitalisation strategy to be launched in early 2022 based on recommendations from the Digitization Partnership released in October 2021.,A digital growth reform package was introduced in 2018 and a new digitalisation strategy will be launched in early 2022 on the basis of of the Digitization Partnership (2021) recommendations released in October 2021.,44.0,44.0,EVT_DNK_2022.0_0004,1,2021,DNK_2021_005
DNK_2021_004,DNK,Denmark,2021,,2021.0,imputed_survey_year,medium,,,,,,,innovation,research_infrastructure,,,private,adoption,growth_supporting,"Infrastructure investment enables adoption of cleaner transport technologies, reducing energy costs and improving productivity through better transport networks",medium,EV Charging Infrastructure,EV charging infrastructure,False,announced,Text indicates Denmark 'is encouraging investment' suggesting ongoing policy,medium,False,2,Important infrastructure development but focused on deployment rather than innovation,high,"Denmark is encouraging investment in electric vehicle charging infrastructure, particularly in remote areas, to support the transition to low and zero-carbon vehicles.","Continue to encourage the shift towards low and zero-carbon vehicles, including with incentives to invest in recharging stations particularly in remote areas.",14.0,14.0,EVT_DNK_nan_0005,1,2021,DNK_2021_004
DNK_2021_006,DNK,Denmark,2021,,2021.0,imputed_survey_year,low,,,,,,,innovation,rd_funding,,,unknown,unknown,growth_supporting,Increased R&D funding would enhance innovation capacity and productivity growth,high,Green R&D Support Recommendation,R&D support increase,False,announced,Presented as a recommendation ('should provide'),high,False,1,General recommendation without specific policy details or funding amounts,high,Denmark should provide more support to green investment and R&D as part of recommendations to bring the current account closer to balance through sustainable increases in public and private investment.,"A sustainable increase in public and private investment would bring the current account closer to balance and several recommendations in this Survey push in this direction, including shifting towards less distortionary taxation that creates less disincentives to investment, providing more support to green investment and R&D",,,EVT_DNK_nan_0006,1,2021,DNK_2021_006
DNK_2021_007,DNK,Denmark,2021,,2021.0,imputed_survey_year,medium,,,,,,,innovation,startup_ecosystem,,,private,commercialization,growth_supporting,"Support for scale-ups and digital adoption directly targets productivity growth, with quantified impact of 0.5% productivity increase",high,Scale-up Support Programme,,False,announced,Text uses 'should expand' and 'expanded' suggesting mix of recommendations and actions,medium,False,2,Expansion of existing support measures rather than new programme,medium,"Denmark expanded support measures to provide more equity finance and access to capital for young firms in the scale-up phase, with recommendations to reduce barriers to digital trade and increase adoption of digital technologies to boost firm productivity by around half a per cent.",Expand support for young firms to scale-up and reduce barriers to digital trade each have the potential to increase firm productivity in Denmark by around half a per cent through increasing adoption of digital technologies,43.0,43.0,EVT_DNK_nan_0007,1,2021,DNK_2021_007
DNK_2021_008,DNK,Denmark,2021,,2021.0,imputed_survey_year,medium,,,,,,,innovation,startup_ecosystem,,,public_private,commercialization,growth_supporting,Increased venture capital availability enables innovation commercialization and high-growth firm development,high,Venture Capital Expansion,,False,announced,Presented as recommendation ('should increase'),high,False,2,Significant policy recommendation to match top European countries but not yet implemented,medium,"Denmark should increase venture capital and private equity growth capital to match the average of the top 3 European countries, with half of additional financing assumed to be public.",More access to capital in the scale-up phase. Increase venture capital and private equity growth capital to match the average of the top 3 European countries,41.0,41.0,EVT_DNK_nan_0008,1,2021,DNK_2021_008
DNK_2021_009,DNK,Denmark,2021,,,,,,,,,,,innovation,sectoral_rd,research_infrastructure,,public,applied,growth_supporting,"Better policy modeling tools enable more effective environmental and economic policies, supporting sustainable growth",medium,GreenReform Model,,False,announced,Model 'has been developed' suggesting ongoing work,medium,False,1,Useful analytical tool but relatively small investment (DKK 20.85 million total),high,"Denmark has developed a new macroeconomic model called GreenReform to provide more disaggregated and dynamic information on environmental and climate effects of economic policies. The project group consists of 15-20 people, supported by a government grant of DKK 14.3 million and DKK 6.55 million from other sources.","The development of a new macroeconomic model, GreenReform, will support this approach by providing more disaggregated and dynamic information on the environmental and climate effects of economic policies... The project group developing the model is comprised of 15-20 people, supported by a government grant of DKK 14.3 million and DKK 6.55 million in funding from other sources.",90.0,90.0,EVT_DNK_nan_0009,1,2021,DNK_2021_009
